,copy number,gamma,growth_rates,mutation_rate,omega,partitioning,pop_size,selection mode,tau,time
0,4,0,[0.97 1.   1.   1.  ],1e-06,0.0,False,10000.0,dominant,1320.6603301650825,2000.0
0,4,0,[0.97 1.   1.   1.  ],1e-06,0.0,False,10000.0,dominant,1801.9009504752378,2000.0
0,4,0,[0.97 1.   1.   1.  ],1e-06,0.0,False,10000.0,dominant,362.18109054527264,2000.0
0,4,1571.7858929464733,[0.97 1.   1.   1.  ],1e-06,1571.7858929464733,True,10000.0,dominant,1571.7858929464733,2000.0
0,4,0,[0.97 1.   1.   1.  ],1e-06,0.0,True,10000.0,dominant,0.0,2000.0
0,4,0,[0.97 1.   1.   1.  ],1e-06,0.0,True,10000.0,dominant,0.0,2000.0
0,4,0,[0.97 1.   1.   1.  ],1e-05,0.0,False,10000.0,dominant,188.09404702351176,2000.0
0,4,0,[0.97 1.   1.   1.  ],1e-05,0.0,False,10000.0,dominant,350.1750875437719,2000.0
0,4,0,[0.97 1.   1.   1.  ],1e-05,0.0,False,10000.0,dominant,275.1375687843922,2000.0
0,4,283.14157078539273,[0.97 1.   1.   1.  ],1e-05,283.14157078539273,True,10000.0,dominant,283.14157078539273,2000.0
0,4,1036.518259129565,[0.97 1.   1.   1.  ],1e-05,1036.518259129565,True,10000.0,dominant,1037.51875937969,2000.0
0,4,285.1425712856428,[0.97 1.   1.   1.  ],1e-05,285.1425712856428,True,10000.0,dominant,284.1420710355178,2000.0
0,4,0,[0.97 1.   1.   1.  ],0.0001,1443.7218609304653,False,10000.0,dominant,149.07453726863432,2000.0
0,4,0,[0.97 1.   1.   1.  ],0.0001,1990.9954977488746,False,10000.0,dominant,146.07303651825913,2000.0
0,4,0,[0.97 1.   1.   1.  ],0.0001,0.0,False,10000.0,dominant,151.07553776888446,2000.0
0,4,183.09154577288646,[0.97 1.   1.   1.  ],0.0001,183.09154577288646,True,10000.0,dominant,183.09154577288646,2000.0
0,4,234.11705852926465,[0.97 1.   1.   1.  ],0.0001,234.11705852926465,True,10000.0,dominant,234.11705852926465,2000.0
0,4,254.1270635317659,[0.97 1.   1.   1.  ],0.0001,254.1270635317659,True,10000.0,dominant,254.1270635317659,2000.0
0,11,0,[0.97 1.   1.   1.   1.   1.   1.   1.   1.   1.   1.  ],1e-06,0.0,False,10000.0,dominant,324.16208104052026,2000.0
0,11,0,[0.97 1.   1.   1.   1.   1.   1.   1.   1.   1.   1.  ],1e-06,0.0,False,10000.0,dominant,249.12456228114058,2000.0
0,11,0,[0.97 1.   1.   1.   1.   1.   1.   1.   1.   1.   1.  ],1e-06,0.0,False,10000.0,dominant,419.20960480240126,2000.0
0,11,1324.6623311655828,[0.97 1.   1.   1.   1.   1.   1.   1.   1.   1.   1.  ],1e-06,1324.6623311655828,True,10000.0,dominant,1324.6623311655828,2000.0
0,11,1985.9929964982493,[0.97 1.   1.   1.   1.   1.   1.   1.   1.   1.   1.  ],1e-06,1985.9929964982493,True,10000.0,dominant,1985.9929964982493,2000.0
0,11,0,[0.97 1.   1.   1.   1.   1.   1.   1.   1.   1.   1.  ],1e-06,0.0,True,10000.0,dominant,0.0,2000.0
0,11,0,[0.97 1.   1.   1.   1.   1.   1.   1.   1.   1.   1.  ],1e-05,0.0,False,10000.0,dominant,234.11705852926465,2000.0
0,11,0,[0.97 1.   1.   1.   1.   1.   1.   1.   1.   1.   1.  ],1e-05,0.0,False,10000.0,dominant,276.1380690345173,2000.0
0,11,0,[0.97 1.   1.   1.   1.   1.   1.   1.   1.   1.   1.  ],1e-05,0.0,False,10000.0,dominant,245.12256128064033,2000.0
0,11,319.15957978989496,[0.97 1.   1.   1.   1.   1.   1.   1.   1.   1.   1.  ],1e-05,319.15957978989496,True,10000.0,dominant,319.15957978989496,2000.0
0,11,237.11855927963984,[0.97 1.   1.   1.   1.   1.   1.   1.   1.   1.   1.  ],1e-05,237.11855927963984,True,10000.0,dominant,237.11855927963984,2000.0
0,11,349.1745872936468,[0.97 1.   1.   1.   1.   1.   1.   1.   1.   1.   1.  ],1e-05,349.1745872936468,True,10000.0,dominant,349.1745872936468,2000.0
0,11,0,[0.97 1.   1.   1.   1.   1.   1.   1.   1.   1.   1.  ],0.0001,0.0,False,10000.0,dominant,115.0575287643822,2000.0
0,11,0,[0.97 1.   1.   1.   1.   1.   1.   1.   1.   1.   1.  ],0.0001,0.0,False,10000.0,dominant,127.06353176588296,2000.0
0,11,0,[0.97 1.   1.   1.   1.   1.   1.   1.   1.   1.   1.  ],0.0001,0.0,False,10000.0,dominant,112.05602801400701,2000.0
0,11,200.10005002501254,[0.97 1.   1.   1.   1.   1.   1.   1.   1.   1.   1.  ],0.0001,198.0990495247624,True,10000.0,dominant,199.09954977488746,2000.0
0,11,182.0910455227614,[0.97 1.   1.   1.   1.   1.   1.   1.   1.   1.   1.  ],0.0001,182.0910455227614,True,10000.0,dominant,181.09054527263632,2000.0
0,11,216.1080540270135,[0.97 1.   1.   1.   1.   1.   1.   1.   1.   1.   1.  ],0.0001,216.1080540270135,True,10000.0,dominant,215.10755377688847,2000.0
0,31,0,"[0.97 1.   1.   1.   1.   1.   1.   1.   1.   1.   1.   1.   1.   1.
 1.   1.   1.   1.   1.   1.   1.   1.   1.   1.   1.   1.   1.   1.
 1.   1.   1.  ]",1e-06,0.0,False,10000.0,dominant,414.2071035517759,2000.0
0,31,0,"[0.97 1.   1.   1.   1.   1.   1.   1.   1.   1.   1.   1.   1.   1.
 1.   1.   1.   1.   1.   1.   1.   1.   1.   1.   1.   1.   1.   1.
 1.   1.   1.  ]",1e-06,0.0,False,10000.0,dominant,413.20660330165083,2000.0
0,31,0,"[0.97 1.   1.   1.   1.   1.   1.   1.   1.   1.   1.   1.   1.   1.
 1.   1.   1.   1.   1.   1.   1.   1.   1.   1.   1.   1.   1.   1.
 1.   1.   1.  ]",1e-06,0.0,False,10000.0,dominant,282.14107053526766,2000.0
0,31,0,"[0.97 1.   1.   1.   1.   1.   1.   1.   1.   1.   1.   1.   1.   1.
 1.   1.   1.   1.   1.   1.   1.   1.   1.   1.   1.   1.   1.   1.
 1.   1.   1.  ]",1e-06,0.0,True,10000.0,dominant,0.0,2000.0
0,31,0,"[0.97 1.   1.   1.   1.   1.   1.   1.   1.   1.   1.   1.   1.   1.
 1.   1.   1.   1.   1.   1.   1.   1.   1.   1.   1.   1.   1.   1.
 1.   1.   1.  ]",1e-06,0.0,True,10000.0,dominant,0.0,2000.0
0,31,0,"[0.97 1.   1.   1.   1.   1.   1.   1.   1.   1.   1.   1.   1.   1.
 1.   1.   1.   1.   1.   1.   1.   1.   1.   1.   1.   1.   1.   1.
 1.   1.   1.  ]",1e-06,0.0,True,10000.0,dominant,0.0,2000.0
0,31,0,"[0.97 1.   1.   1.   1.   1.   1.   1.   1.   1.   1.   1.   1.   1.
 1.   1.   1.   1.   1.   1.   1.   1.   1.   1.   1.   1.   1.   1.
 1.   1.   1.  ]",1e-05,0.0,False,10000.0,dominant,199.09954977488746,2000.0
0,31,0,"[0.97 1.   1.   1.   1.   1.   1.   1.   1.   1.   1.   1.   1.   1.
 1.   1.   1.   1.   1.   1.   1.   1.   1.   1.   1.   1.   1.   1.
 1.   1.   1.  ]",1e-05,0.0,False,10000.0,dominant,134.06703351675839,2000.0
0,31,0,"[0.97 1.   1.   1.   1.   1.   1.   1.   1.   1.   1.   1.   1.   1.
 1.   1.   1.   1.   1.   1.   1.   1.   1.   1.   1.   1.   1.   1.
 1.   1.   1.  ]",1e-05,0.0,False,10000.0,dominant,147.0735367683842,2000.0
0,31,306.15307653826915,"[0.97 1.   1.   1.   1.   1.   1.   1.   1.   1.   1.   1.   1.   1.
 1.   1.   1.   1.   1.   1.   1.   1.   1.   1.   1.   1.   1.   1.
 1.   1.   1.  ]",1e-05,306.15307653826915,True,10000.0,dominant,305.1525762881441,2000.0
0,31,335.167583791896,"[0.97 1.   1.   1.   1.   1.   1.   1.   1.   1.   1.   1.   1.   1.
 1.   1.   1.   1.   1.   1.   1.   1.   1.   1.   1.   1.   1.   1.
 1.   1.   1.  ]",1e-05,335.167583791896,True,10000.0,dominant,335.167583791896,2000.0
0,31,278.13906953476743,"[0.97 1.   1.   1.   1.   1.   1.   1.   1.   1.   1.   1.   1.   1.
 1.   1.   1.   1.   1.   1.   1.   1.   1.   1.   1.   1.   1.   1.
 1.   1.   1.  ]",1e-05,277.13856928464236,True,10000.0,dominant,277.13856928464236,2000.0
0,31,0,"[0.97 1.   1.   1.   1.   1.   1.   1.   1.   1.   1.   1.   1.   1.
 1.   1.   1.   1.   1.   1.   1.   1.   1.   1.   1.   1.   1.   1.
 1.   1.   1.  ]",0.0001,0.0,False,10000.0,dominant,82.04102051025514,2000.0
0,31,0,"[0.97 1.   1.   1.   1.   1.   1.   1.   1.   1.   1.   1.   1.   1.
 1.   1.   1.   1.   1.   1.   1.   1.   1.   1.   1.   1.   1.   1.
 1.   1.   1.  ]",0.0001,0.0,False,10000.0,dominant,79.03951975987995,2000.0
0,31,0,"[0.97 1.   1.   1.   1.   1.   1.   1.   1.   1.   1.   1.   1.   1.
 1.   1.   1.   1.   1.   1.   1.   1.   1.   1.   1.   1.   1.   1.
 1.   1.   1.  ]",0.0001,0.0,False,10000.0,dominant,79.03951975987995,2000.0
0,31,209.1045522761381,"[0.97 1.   1.   1.   1.   1.   1.   1.   1.   1.   1.   1.   1.   1.
 1.   1.   1.   1.   1.   1.   1.   1.   1.   1.   1.   1.   1.   1.
 1.   1.   1.  ]",0.0001,208.10405202601302,True,10000.0,dominant,207.10355177588795,2000.0
0,31,207.10355177588795,"[0.97 1.   1.   1.   1.   1.   1.   1.   1.   1.   1.   1.   1.   1.
 1.   1.   1.   1.   1.   1.   1.   1.   1.   1.   1.   1.   1.   1.
 1.   1.   1.  ]",0.0001,205.10255127563784,True,10000.0,dominant,203.10155077538772,2000.0
0,31,200.10005002501254,"[0.97 1.   1.   1.   1.   1.   1.   1.   1.   1.   1.   1.   1.   1.
 1.   1.   1.   1.   1.   1.   1.   1.   1.   1.   1.   1.   1.   1.
 1.   1.   1.  ]",0.0001,198.0990495247624,True,10000.0,dominant,194.09704852426214,2000.0
0,4,0,[0.9 1.  1.  1. ],1e-06,0.0,False,10000.0,dominant,130.06503251625813,2000.0
0,4,0,[0.9 1.  1.  1. ],1e-06,0.0,False,10000.0,dominant,1032.5162581290647,2000.0
0,4,0,[0.9 1.  1.  1. ],1e-06,0.0,False,10000.0,dominant,150.0750375187594,2000.0
0,4,952.4762381190596,[0.9 1.  1.  1. ],1e-06,952.4762381190596,True,10000.0,dominant,951.4757378689345,2000.0
0,4,0,[0.9 1.  1.  1. ],1e-06,0.0,True,10000.0,dominant,0.0,2000.0
0,4,0,[0.9 1.  1.  1. ],1e-06,0.0,True,10000.0,dominant,0.0,2000.0
0,4,0,[0.9 1.  1.  1. ],1e-05,0.0,False,10000.0,dominant,161.0805402701351,2000.0
0,4,0,[0.9 1.  1.  1. ],1e-05,0.0,False,10000.0,dominant,96.04802401200601,2000.0
0,4,0,[0.9 1.  1.  1. ],1e-05,0.0,False,10000.0,dominant,102.05102551275638,2000.0
0,4,541.2706353176588,[0.9 1.  1.  1. ],1e-05,541.2706353176588,True,10000.0,dominant,540.2701350675338,2000.0
0,4,206.1030515257629,[0.9 1.  1.  1. ],1e-05,206.1030515257629,True,10000.0,dominant,206.1030515257629,2000.0
0,4,174.0870435217609,[0.9 1.  1.  1. ],1e-05,174.0870435217609,True,10000.0,dominant,173.08654327163583,2000.0
0,4,0,[0.9 1.  1.  1. ],0.0001,1162.5812906453227,False,10000.0,dominant,60.030015007503756,2000.0
0,4,0,[0.9 1.  1.  1. ],0.0001,0.0,False,10000.0,dominant,58.029014507253635,2000.0
0,4,0,[0.9 1.  1.  1. ],0.0001,0.0,False,10000.0,dominant,69.03451725862932,2000.0
0,4,72.03601800900451,[0.9 1.  1.  1. ],0.0001,72.03601800900451,True,10000.0,dominant,71.03551775887945,2000.0
0,4,71.03551775887945,[0.9 1.  1.  1. ],0.0001,71.03551775887945,True,10000.0,dominant,70.03501750875438,2000.0
0,4,61.03051525762882,[0.9 1.  1.  1. ],0.0001,61.03051525762882,True,10000.0,dominant,60.030015007503756,2000.0
0,11,0,[0.9 1.  1.  1.  1.  1.  1.  1.  1.  1.  1. ],1e-06,0.0,False,10000.0,dominant,91.0455227613807,2000.0
0,11,0,[0.9 1.  1.  1.  1.  1.  1.  1.  1.  1.  1. ],1e-06,0.0,False,10000.0,dominant,176.08804402201102,2000.0
0,11,0,[0.9 1.  1.  1.  1.  1.  1.  1.  1.  1.  1. ],1e-06,0.0,False,10000.0,dominant,376.1880940470235,2000.0
0,11,719.35967983992,[0.9 1.  1.  1.  1.  1.  1.  1.  1.  1.  1. ],1e-06,719.35967983992,True,10000.0,dominant,719.35967983992,2000.0
0,11,504.25212606303154,[0.9 1.  1.  1.  1.  1.  1.  1.  1.  1.  1. ],1e-06,504.25212606303154,True,10000.0,dominant,503.25162581290647,2000.0
0,11,986.4932466233117,[0.9 1.  1.  1.  1.  1.  1.  1.  1.  1.  1. ],1e-06,986.4932466233117,True,10000.0,dominant,985.4927463731867,2000.0
0,11,0,[0.9 1.  1.  1.  1.  1.  1.  1.  1.  1.  1. ],1e-05,0.0,False,10000.0,dominant,80.04002001000501,2000.0
0,11,0,[0.9 1.  1.  1.  1.  1.  1.  1.  1.  1.  1. ],1e-05,0.0,False,10000.0,dominant,70.03501750875438,2000.0
0,11,0,[0.9 1.  1.  1.  1.  1.  1.  1.  1.  1.  1. ],1e-05,0.0,False,10000.0,dominant,60.030015007503756,2000.0
0,11,72.03601800900451,[0.9 1.  1.  1.  1.  1.  1.  1.  1.  1.  1. ],1e-05,72.03601800900451,True,10000.0,dominant,72.03601800900451,2000.0
0,11,92.04602301150575,[0.9 1.  1.  1.  1.  1.  1.  1.  1.  1.  1. ],1e-05,92.04602301150575,True,10000.0,dominant,91.0455227613807,2000.0
0,11,102.05102551275638,[0.9 1.  1.  1.  1.  1.  1.  1.  1.  1.  1. ],1e-05,102.05102551275638,True,10000.0,dominant,102.05102551275638,2000.0
0,11,0,[0.9 1.  1.  1.  1.  1.  1.  1.  1.  1.  1. ],0.0001,0.0,False,10000.0,dominant,45.02251125562782,2000.0
0,11,0,[0.9 1.  1.  1.  1.  1.  1.  1.  1.  1.  1. ],0.0001,0.0,False,10000.0,dominant,42.02101050525263,2000.0
0,11,0,[0.9 1.  1.  1.  1.  1.  1.  1.  1.  1.  1. ],0.0001,0.0,False,10000.0,dominant,50.025012506253134,2000.0
0,11,102.05102551275638,[0.9 1.  1.  1.  1.  1.  1.  1.  1.  1.  1. ],0.0001,101.05052526263133,True,10000.0,dominant,100.05002501250627,2000.0
0,11,62.03101550775388,[0.9 1.  1.  1.  1.  1.  1.  1.  1.  1.  1. ],0.0001,62.03101550775388,True,10000.0,dominant,61.03051525762882,2000.0
0,11,82.04102051025514,[0.9 1.  1.  1.  1.  1.  1.  1.  1.  1.  1. ],0.0001,82.04102051025514,True,10000.0,dominant,81.04052026013007,2000.0
0,31,0,"[0.9 1.  1.  1.  1.  1.  1.  1.  1.  1.  1.  1.  1.  1.  1.  1.  1.  1.
 1.  1.  1.  1.  1.  1.  1.  1.  1.  1.  1.  1.  1. ]",1e-06,0.0,False,10000.0,dominant,83.0415207603802,2000.0
0,31,0,"[0.9 1.  1.  1.  1.  1.  1.  1.  1.  1.  1.  1.  1.  1.  1.  1.  1.  1.
 1.  1.  1.  1.  1.  1.  1.  1.  1.  1.  1.  1.  1. ]",1e-06,0.0,False,10000.0,dominant,148.07403701850927,2000.0
0,31,0,"[0.9 1.  1.  1.  1.  1.  1.  1.  1.  1.  1.  1.  1.  1.  1.  1.  1.  1.
 1.  1.  1.  1.  1.  1.  1.  1.  1.  1.  1.  1.  1. ]",1e-06,0.0,False,10000.0,dominant,193.0965482741371,2000.0
0,31,150.0750375187594,"[0.9 1.  1.  1.  1.  1.  1.  1.  1.  1.  1.  1.  1.  1.  1.  1.  1.  1.
 1.  1.  1.  1.  1.  1.  1.  1.  1.  1.  1.  1.  1. ]",1e-06,146.07303651825913,True,10000.0,dominant,143.07153576788394,2000.0
0,31,181.09054527263632,"[0.9 1.  1.  1.  1.  1.  1.  1.  1.  1.  1.  1.  1.  1.  1.  1.  1.  1.
 1.  1.  1.  1.  1.  1.  1.  1.  1.  1.  1.  1.  1. ]",1e-06,171.08554277138572,True,10000.0,dominant,164.08204102051027,2000.0
0,31,278.13906953476743,"[0.9 1.  1.  1.  1.  1.  1.  1.  1.  1.  1.  1.  1.  1.  1.  1.  1.  1.
 1.  1.  1.  1.  1.  1.  1.  1.  1.  1.  1.  1.  1. ]",1e-06,278.13906953476743,True,10000.0,dominant,277.13856928464236,2000.0
0,31,0,"[0.9 1.  1.  1.  1.  1.  1.  1.  1.  1.  1.  1.  1.  1.  1.  1.  1.  1.
 1.  1.  1.  1.  1.  1.  1.  1.  1.  1.  1.  1.  1. ]",1e-05,0.0,False,10000.0,dominant,69.03451725862932,2000.0
0,31,0,"[0.9 1.  1.  1.  1.  1.  1.  1.  1.  1.  1.  1.  1.  1.  1.  1.  1.  1.
 1.  1.  1.  1.  1.  1.  1.  1.  1.  1.  1.  1.  1. ]",1e-05,0.0,False,10000.0,dominant,41.02051025512757,2000.0
0,31,0,"[0.9 1.  1.  1.  1.  1.  1.  1.  1.  1.  1.  1.  1.  1.  1.  1.  1.  1.
 1.  1.  1.  1.  1.  1.  1.  1.  1.  1.  1.  1.  1. ]",1e-05,0.0,False,10000.0,dominant,64.032016008004,2000.0
0,31,155.07753876938472,"[0.9 1.  1.  1.  1.  1.  1.  1.  1.  1.  1.  1.  1.  1.  1.  1.  1.  1.
 1.  1.  1.  1.  1.  1.  1.  1.  1.  1.  1.  1.  1. ]",1e-05,147.0735367683842,True,10000.0,dominant,139.06953476738371,2000.0
0,31,123.0615307653827,"[0.9 1.  1.  1.  1.  1.  1.  1.  1.  1.  1.  1.  1.  1.  1.  1.  1.  1.
 1.  1.  1.  1.  1.  1.  1.  1.  1.  1.  1.  1.  1. ]",1e-05,116.05802901450727,True,10000.0,dominant,109.05452726363183,2000.0
0,31,98.04902451225614,"[0.9 1.  1.  1.  1.  1.  1.  1.  1.  1.  1.  1.  1.  1.  1.  1.  1.  1.
 1.  1.  1.  1.  1.  1.  1.  1.  1.  1.  1.  1.  1. ]",1e-05,93.04652326163082,True,10000.0,dominant,87.04352176088045,2000.0
0,31,0,"[0.9 1.  1.  1.  1.  1.  1.  1.  1.  1.  1.  1.  1.  1.  1.  1.  1.  1.
 1.  1.  1.  1.  1.  1.  1.  1.  1.  1.  1.  1.  1. ]",0.0001,0.0,False,10000.0,dominant,43.02151075537769,2000.0
0,31,0,"[0.9 1.  1.  1.  1.  1.  1.  1.  1.  1.  1.  1.  1.  1.  1.  1.  1.  1.
 1.  1.  1.  1.  1.  1.  1.  1.  1.  1.  1.  1.  1. ]",0.0001,0.0,False,10000.0,dominant,39.01950975487744,2000.0
0,31,0,"[0.9 1.  1.  1.  1.  1.  1.  1.  1.  1.  1.  1.  1.  1.  1.  1.  1.  1.
 1.  1.  1.  1.  1.  1.  1.  1.  1.  1.  1.  1.  1. ]",0.0001,0.0,False,10000.0,dominant,37.01850925462732,2000.0
0,31,82.04102051025514,"[0.9 1.  1.  1.  1.  1.  1.  1.  1.  1.  1.  1.  1.  1.  1.  1.  1.  1.
 1.  1.  1.  1.  1.  1.  1.  1.  1.  1.  1.  1.  1. ]",0.0001,70.03501750875438,True,10000.0,dominant,61.03051525762882,2000.0
0,31,90.04502251125564,"[0.9 1.  1.  1.  1.  1.  1.  1.  1.  1.  1.  1.  1.  1.  1.  1.  1.  1.
 1.  1.  1.  1.  1.  1.  1.  1.  1.  1.  1.  1.  1. ]",0.0001,84.04202101050527,True,10000.0,dominant,77.03851925962982,2000.0
0,31,100.05002501250627,"[0.9 1.  1.  1.  1.  1.  1.  1.  1.  1.  1.  1.  1.  1.  1.  1.  1.  1.
 1.  1.  1.  1.  1.  1.  1.  1.  1.  1.  1.  1.  1. ]",0.0001,90.04502251125564,True,10000.0,dominant,81.04052026013007,2000.0
0,4,0,[0.7 1.  1.  1. ],1e-06,0.0,False,10000.0,dominant,148.07403701850927,2000.0
0,4,0,[0.7 1.  1.  1. ],1e-06,0.0,False,10000.0,dominant,49.02451225612807,2000.0
0,4,0,[0.7 1.  1.  1. ],1e-06,0.0,False,10000.0,dominant,53.02651325662832,2000.0
0,4,307.1535767883942,[0.7 1.  1.  1. ],1e-06,307.1535767883942,True,10000.0,dominant,306.15307653826915,2000.0
0,4,379.18959479739874,[0.7 1.  1.  1. ],1e-06,379.18959479739874,True,10000.0,dominant,378.18909454727367,2000.0
0,4,109.05452726363183,[0.7 1.  1.  1. ],1e-06,109.05452726363183,True,10000.0,dominant,108.05402701350675,2000.0
0,4,0,[0.7 1.  1.  1. ],1e-05,0.0,False,10000.0,dominant,77.03851925962982,2000.0
0,4,0,[0.7 1.  1.  1. ],1e-05,0.0,False,10000.0,dominant,55.02751375687844,2000.0
0,4,0,[0.7 1.  1.  1. ],1e-05,0.0,False,10000.0,dominant,40.020010005002504,2000.0
0,4,39.01950975487744,[0.7 1.  1.  1. ],1e-05,39.01950975487744,True,10000.0,dominant,38.019009504752376,2000.0
0,4,81.04052026013007,[0.7 1.  1.  1. ],1e-05,81.04052026013007,True,10000.0,dominant,80.04002001000501,2000.0
0,4,51.02551275637819,[0.7 1.  1.  1. ],1e-05,51.02551275637819,True,10000.0,dominant,50.025012506253134,2000.0
0,4,0,[0.7 1.  1.  1. ],0.0001,0.0,False,10000.0,dominant,35.01750875437719,2000.0
0,4,0,[0.7 1.  1.  1. ],0.0001,1490.7453726863432,False,10000.0,dominant,23.011505752876438,2000.0
0,4,0,[0.7 1.  1.  1. ],0.0001,1923.9619809904955,False,10000.0,dominant,32.016008004002,2000.0
0,4,35.01750875437719,[0.7 1.  1.  1. ],0.0001,35.01750875437719,True,10000.0,dominant,35.01750875437719,2000.0
0,4,42.02101050525263,[0.7 1.  1.  1. ],0.0001,42.02101050525263,True,10000.0,dominant,42.02101050525263,2000.0
0,4,42.02101050525263,[0.7 1.  1.  1. ],0.0001,42.02101050525263,True,10000.0,dominant,42.02101050525263,2000.0
0,11,0,[0.7 1.  1.  1.  1.  1.  1.  1.  1.  1.  1. ],1e-06,0.0,False,10000.0,dominant,52.026013006503256,2000.0
0,11,0,[0.7 1.  1.  1.  1.  1.  1.  1.  1.  1.  1. ],1e-06,0.0,False,10000.0,dominant,63.03151575787894,2000.0
0,11,0,[0.7 1.  1.  1.  1.  1.  1.  1.  1.  1.  1. ],1e-06,0.0,False,10000.0,dominant,48.024012006003005,2000.0
0,11,90.04502251125564,[0.7 1.  1.  1.  1.  1.  1.  1.  1.  1.  1. ],1e-06,89.04452226113057,True,10000.0,dominant,88.04402201100551,2000.0
0,11,51.02551275637819,[0.7 1.  1.  1.  1.  1.  1.  1.  1.  1.  1. ],1e-06,51.02551275637819,True,10000.0,dominant,50.025012506253134,2000.0
0,11,93.04652326163082,[0.7 1.  1.  1.  1.  1.  1.  1.  1.  1.  1. ],1e-06,93.04652326163082,True,10000.0,dominant,91.0455227613807,2000.0
0,11,0,[0.7 1.  1.  1.  1.  1.  1.  1.  1.  1.  1. ],1e-05,0.0,False,10000.0,dominant,26.013006503251628,2000.0
0,11,0,[0.7 1.  1.  1.  1.  1.  1.  1.  1.  1.  1. ],1e-05,0.0,False,10000.0,dominant,35.01750875437719,2000.0
0,11,0,[0.7 1.  1.  1.  1.  1.  1.  1.  1.  1.  1. ],1e-05,0.0,False,10000.0,dominant,42.02101050525263,2000.0
0,11,48.024012006003005,[0.7 1.  1.  1.  1.  1.  1.  1.  1.  1.  1. ],1e-05,47.02351175587794,True,10000.0,dominant,45.02251125562782,2000.0
0,11,38.019009504752376,[0.7 1.  1.  1.  1.  1.  1.  1.  1.  1.  1. ],1e-05,36.018009004502254,True,10000.0,dominant,34.01700850425213,2000.0
0,11,56.028014007003506,[0.7 1.  1.  1.  1.  1.  1.  1.  1.  1.  1. ],1e-05,55.02751375687844,True,10000.0,dominant,53.02651325662832,2000.0
0,11,0,[0.7 1.  1.  1.  1.  1.  1.  1.  1.  1.  1. ],0.0001,0.0,False,10000.0,dominant,31.01550775387694,2000.0
0,11,0,[0.7 1.  1.  1.  1.  1.  1.  1.  1.  1.  1. ],0.0001,0.0,False,10000.0,dominant,30.015007503751878,2000.0
0,11,0,[0.7 1.  1.  1.  1.  1.  1.  1.  1.  1.  1. ],0.0001,0.0,False,10000.0,dominant,9.004502251125563,2000.0
0,11,35.01750875437719,[0.7 1.  1.  1.  1.  1.  1.  1.  1.  1.  1. ],0.0001,33.01650825412707,True,10000.0,dominant,31.01550775387694,2000.0
0,11,40.020010005002504,[0.7 1.  1.  1.  1.  1.  1.  1.  1.  1.  1. ],0.0001,38.019009504752376,True,10000.0,dominant,35.01750875437719,2000.0
0,11,39.01950975487744,[0.7 1.  1.  1.  1.  1.  1.  1.  1.  1.  1. ],0.0001,37.01850925462732,True,10000.0,dominant,35.01750875437719,2000.0
0,31,0,"[0.7 1.  1.  1.  1.  1.  1.  1.  1.  1.  1.  1.  1.  1.  1.  1.  1.  1.
 1.  1.  1.  1.  1.  1.  1.  1.  1.  1.  1.  1.  1. ]",1e-06,0.0,False,10000.0,dominant,66.03301650825414,2000.0
0,31,0,"[0.7 1.  1.  1.  1.  1.  1.  1.  1.  1.  1.  1.  1.  1.  1.  1.  1.  1.
 1.  1.  1.  1.  1.  1.  1.  1.  1.  1.  1.  1.  1. ]",1e-06,0.0,False,10000.0,dominant,40.020010005002504,2000.0
0,31,0,"[0.7 1.  1.  1.  1.  1.  1.  1.  1.  1.  1.  1.  1.  1.  1.  1.  1.  1.
 1.  1.  1.  1.  1.  1.  1.  1.  1.  1.  1.  1.  1. ]",1e-06,0.0,False,10000.0,dominant,40.020010005002504,2000.0
0,31,90.04502251125564,"[0.7 1.  1.  1.  1.  1.  1.  1.  1.  1.  1.  1.  1.  1.  1.  1.  1.  1.
 1.  1.  1.  1.  1.  1.  1.  1.  1.  1.  1.  1.  1. ]",1e-06,59.02951475737869,True,10000.0,dominant,47.02351175587794,2000.0
0,31,82.04102051025514,"[0.7 1.  1.  1.  1.  1.  1.  1.  1.  1.  1.  1.  1.  1.  1.  1.  1.  1.
 1.  1.  1.  1.  1.  1.  1.  1.  1.  1.  1.  1.  1. ]",1e-06,62.03101550775388,True,10000.0,dominant,53.02651325662832,2000.0
0,31,94.04702351175588,"[0.7 1.  1.  1.  1.  1.  1.  1.  1.  1.  1.  1.  1.  1.  1.  1.  1.  1.
 1.  1.  1.  1.  1.  1.  1.  1.  1.  1.  1.  1.  1. ]",1e-06,76.03801900950475,True,10000.0,dominant,70.03501750875438,2000.0
0,31,0,"[0.7 1.  1.  1.  1.  1.  1.  1.  1.  1.  1.  1.  1.  1.  1.  1.  1.  1.
 1.  1.  1.  1.  1.  1.  1.  1.  1.  1.  1.  1.  1. ]",1e-05,0.0,False,10000.0,dominant,25.012506253126567,2000.0
0,31,0,"[0.7 1.  1.  1.  1.  1.  1.  1.  1.  1.  1.  1.  1.  1.  1.  1.  1.  1.
 1.  1.  1.  1.  1.  1.  1.  1.  1.  1.  1.  1.  1. ]",1e-05,0.0,False,10000.0,dominant,38.019009504752376,2000.0
0,31,0,"[0.7 1.  1.  1.  1.  1.  1.  1.  1.  1.  1.  1.  1.  1.  1.  1.  1.  1.
 1.  1.  1.  1.  1.  1.  1.  1.  1.  1.  1.  1.  1. ]",1e-05,0.0,False,10000.0,dominant,19.009504752376188,2000.0
0,31,75.0375187593797,"[0.7 1.  1.  1.  1.  1.  1.  1.  1.  1.  1.  1.  1.  1.  1.  1.  1.  1.
 1.  1.  1.  1.  1.  1.  1.  1.  1.  1.  1.  1.  1. ]",1e-05,55.02751375687844,True,10000.0,dominant,43.02151075537769,2000.0
0,31,83.0415207603802,"[0.7 1.  1.  1.  1.  1.  1.  1.  1.  1.  1.  1.  1.  1.  1.  1.  1.  1.
 1.  1.  1.  1.  1.  1.  1.  1.  1.  1.  1.  1.  1. ]",1e-05,58.029014507253635,True,10000.0,dominant,46.023011505752876,2000.0
0,31,93.04652326163082,"[0.7 1.  1.  1.  1.  1.  1.  1.  1.  1.  1.  1.  1.  1.  1.  1.  1.  1.
 1.  1.  1.  1.  1.  1.  1.  1.  1.  1.  1.  1.  1. ]",1e-05,67.03351675837919,True,10000.0,dominant,51.02551275637819,2000.0
0,31,0,"[0.7 1.  1.  1.  1.  1.  1.  1.  1.  1.  1.  1.  1.  1.  1.  1.  1.  1.
 1.  1.  1.  1.  1.  1.  1.  1.  1.  1.  1.  1.  1. ]",0.0001,0.0,False,10000.0,dominant,21.010505252626317,2000.0
0,31,0,"[0.7 1.  1.  1.  1.  1.  1.  1.  1.  1.  1.  1.  1.  1.  1.  1.  1.  1.
 1.  1.  1.  1.  1.  1.  1.  1.  1.  1.  1.  1.  1. ]",0.0001,0.0,False,10000.0,dominant,27.01350675337669,2000.0
0,31,0,"[0.7 1.  1.  1.  1.  1.  1.  1.  1.  1.  1.  1.  1.  1.  1.  1.  1.  1.
 1.  1.  1.  1.  1.  1.  1.  1.  1.  1.  1.  1.  1. ]",0.0001,0.0,False,10000.0,dominant,23.011505752876438,2000.0
0,31,76.03801900950475,"[0.7 1.  1.  1.  1.  1.  1.  1.  1.  1.  1.  1.  1.  1.  1.  1.  1.  1.
 1.  1.  1.  1.  1.  1.  1.  1.  1.  1.  1.  1.  1. ]",0.0001,50.025012506253134,True,10000.0,dominant,35.01750875437719,2000.0
0,31,81.04052026013007,"[0.7 1.  1.  1.  1.  1.  1.  1.  1.  1.  1.  1.  1.  1.  1.  1.  1.  1.
 1.  1.  1.  1.  1.  1.  1.  1.  1.  1.  1.  1.  1. ]",0.0001,56.028014007003506,True,10000.0,dominant,33.01650825412707,2000.0
0,31,80.04002001000501,"[0.7 1.  1.  1.  1.  1.  1.  1.  1.  1.  1.  1.  1.  1.  1.  1.  1.  1.
 1.  1.  1.  1.  1.  1.  1.  1.  1.  1.  1.  1.  1. ]",0.0001,51.02551275637819,True,10000.0,dominant,32.016008004002,2000.0
0,4,0,[0.97 0.98 0.99 1.  ],1e-06,0.0,False,10000.0,additive,0.0,2000.0
0,4,0,[0.97 0.98 0.99 1.  ],1e-06,0.0,False,10000.0,additive,0.0,2000.0
0,4,0,[0.97 0.98 0.99 1.  ],1e-06,0.0,False,10000.0,additive,0.0,2000.0
0,4,1080.5402701350677,[0.97 0.98 0.99 1.  ],1e-06,1080.5402701350677,True,10000.0,additive,1083.5417708854427,2000.0
0,4,0,[0.97 0.98 0.99 1.  ],1e-06,0.0,True,10000.0,additive,0.0,2000.0
0,4,966.4832416208105,[0.97 0.98 0.99 1.  ],1e-06,966.4832416208105,True,10000.0,additive,966.4832416208105,2000.0
0,4,1981.990995497749,[0.97 0.98 0.99 1.  ],1e-05,1324.6623311655828,False,10000.0,additive,737.3686843421712,2000.0
0,4,0,[0.97 0.98 0.99 1.  ],1e-05,0.0,False,10000.0,additive,861.4307153576789,2000.0
0,4,0,[0.97 0.98 0.99 1.  ],1e-05,0.0,False,10000.0,additive,1329.6648324162081,2000.0
0,4,507.25362681340675,[0.97 0.98 0.99 1.  ],1e-05,507.25362681340675,True,10000.0,additive,507.25362681340675,2000.0
0,4,586.2931465732867,[0.97 0.98 0.99 1.  ],1e-05,586.2931465732867,True,10000.0,additive,586.2931465732867,2000.0
0,4,224.11205602801402,[0.97 0.98 0.99 1.  ],1e-05,224.11205602801402,True,10000.0,additive,226.11305652826414,2000.0
0,4,1269.6348174087045,[0.97 0.98 0.99 1.  ],0.0001,701.3506753376689,False,10000.0,additive,447.223611805903,2000.0
0,4,1023.5117558779391,[0.97 0.98 0.99 1.  ],0.0001,820.4102051025513,False,10000.0,additive,326.1630815407704,2000.0
0,4,1105.5527763881942,[0.97 0.98 0.99 1.  ],0.0001,660.3301650825413,False,10000.0,additive,432.216108054027,2000.0
0,4,188.09404702351176,[0.97 0.98 0.99 1.  ],0.0001,188.09404702351176,True,10000.0,additive,188.09404702351176,2000.0
0,4,153.07653826913457,[0.97 0.98 0.99 1.  ],0.0001,153.07653826913457,True,10000.0,additive,156.07803901950976,2000.0
0,4,233.11655827913958,[0.97 0.98 0.99 1.  ],0.0001,233.11655827913958,True,10000.0,additive,234.11705852926465,2000.0
0,11,0,[0.97  0.973 0.976 0.979 0.982 0.985 0.988 0.991 0.994 0.997 1.   ],1e-06,0.0,False,10000.0,additive,0.0,2000.0
0,11,0,[0.97  0.973 0.976 0.979 0.982 0.985 0.988 0.991 0.994 0.997 1.   ],1e-06,0.0,False,10000.0,additive,0.0,2000.0
0,11,0,[0.97  0.973 0.976 0.979 0.982 0.985 0.988 0.991 0.994 0.997 1.   ],1e-06,0.0,False,10000.0,additive,1988.9944972486244,2000.0
0,11,1645.822911455728,[0.97  0.973 0.976 0.979 0.982 0.985 0.988 0.991 0.994 0.997 1.   ],1e-06,1645.822911455728,True,10000.0,additive,1644.822411205603,2000.0
0,11,928.4642321160582,[0.97  0.973 0.976 0.979 0.982 0.985 0.988 0.991 0.994 0.997 1.   ],1e-06,928.4642321160582,True,10000.0,additive,928.4642321160582,2000.0
0,11,0,[0.97  0.973 0.976 0.979 0.982 0.985 0.988 0.991 0.994 0.997 1.   ],1e-06,0.0,True,10000.0,additive,0.0,2000.0
0,11,0,[0.97  0.973 0.976 0.979 0.982 0.985 0.988 0.991 0.994 0.997 1.   ],1e-05,0.0,False,10000.0,additive,1100.5502751375689,2000.0
0,11,0,[0.97  0.973 0.976 0.979 0.982 0.985 0.988 0.991 0.994 0.997 1.   ],1e-05,0.0,False,10000.0,additive,1378.6893446723363,2000.0
0,11,0,[0.97  0.973 0.976 0.979 0.982 0.985 0.988 0.991 0.994 0.997 1.   ],1e-05,0.0,False,10000.0,additive,997.4987493746875,2000.0
0,11,729.3646823411707,[0.97  0.973 0.976 0.979 0.982 0.985 0.988 0.991 0.994 0.997 1.   ],1e-05,729.3646823411707,True,10000.0,additive,730.3651825912957,2000.0
0,11,351.17558779389697,[0.97  0.973 0.976 0.979 0.982 0.985 0.988 0.991 0.994 0.997 1.   ],1e-05,351.17558779389697,True,10000.0,additive,350.1750875437719,2000.0
0,11,774.3871935967985,[0.97  0.973 0.976 0.979 0.982 0.985 0.988 0.991 0.994 0.997 1.   ],1e-05,774.3871935967985,True,10000.0,additive,774.3871935967985,2000.0
0,11,0,[0.97  0.973 0.976 0.979 0.982 0.985 0.988 0.991 0.994 0.997 1.   ],0.0001,1379.6898449224614,False,10000.0,additive,465.2326163081541,2000.0
0,11,0,[0.97  0.973 0.976 0.979 0.982 0.985 0.988 0.991 0.994 0.997 1.   ],0.0001,1335.6678339169587,False,10000.0,additive,435.21760880440223,2000.0
0,11,0,[0.97  0.973 0.976 0.979 0.982 0.985 0.988 0.991 0.994 0.997 1.   ],0.0001,1220.6103051525763,False,10000.0,additive,296.14807403701855,2000.0
0,11,175.08754377188595,[0.97  0.973 0.976 0.979 0.982 0.985 0.988 0.991 0.994 0.997 1.   ],0.0001,175.08754377188595,True,10000.0,additive,175.08754377188595,2000.0
0,11,306.15307653826915,[0.97  0.973 0.976 0.979 0.982 0.985 0.988 0.991 0.994 0.997 1.   ],0.0001,306.15307653826915,True,10000.0,additive,305.1525762881441,2000.0
0,11,166.0830415207604,[0.97  0.973 0.976 0.979 0.982 0.985 0.988 0.991 0.994 0.997 1.   ],0.0001,166.0830415207604,True,10000.0,additive,166.0830415207604,2000.0
0,31,0,"[0.97  0.971 0.972 0.973 0.974 0.975 0.976 0.977 0.978 0.979 0.98  0.981
 0.982 0.983 0.984 0.985 0.986 0.987 0.988 0.989 0.99  0.991 0.992 0.993
 0.994 0.995 0.996 0.997 0.998 0.999 1.   ]",1e-06,0.0,False,10000.0,additive,0.0,2000.0
0,31,0,"[0.97  0.971 0.972 0.973 0.974 0.975 0.976 0.977 0.978 0.979 0.98  0.981
 0.982 0.983 0.984 0.985 0.986 0.987 0.988 0.989 0.99  0.991 0.992 0.993
 0.994 0.995 0.996 0.997 0.998 0.999 1.   ]",1e-06,0.0,False,10000.0,additive,0.0,2000.0
0,31,0,"[0.97  0.971 0.972 0.973 0.974 0.975 0.976 0.977 0.978 0.979 0.98  0.981
 0.982 0.983 0.984 0.985 0.986 0.987 0.988 0.989 0.99  0.991 0.992 0.993
 0.994 0.995 0.996 0.997 0.998 0.999 1.   ]",1e-06,0.0,False,10000.0,additive,0.0,2000.0
0,31,0,"[0.97  0.971 0.972 0.973 0.974 0.975 0.976 0.977 0.978 0.979 0.98  0.981
 0.982 0.983 0.984 0.985 0.986 0.987 0.988 0.989 0.99  0.991 0.992 0.993
 0.994 0.995 0.996 0.997 0.998 0.999 1.   ]",1e-06,0.0,True,10000.0,additive,0.0,2000.0
0,31,0,"[0.97  0.971 0.972 0.973 0.974 0.975 0.976 0.977 0.978 0.979 0.98  0.981
 0.982 0.983 0.984 0.985 0.986 0.987 0.988 0.989 0.99  0.991 0.992 0.993
 0.994 0.995 0.996 0.997 0.998 0.999 1.   ]",1e-06,0.0,True,10000.0,additive,0.0,2000.0
0,31,1288.6443221610807,"[0.97  0.971 0.972 0.973 0.974 0.975 0.976 0.977 0.978 0.979 0.98  0.981
 0.982 0.983 0.984 0.985 0.986 0.987 0.988 0.989 0.99  0.991 0.992 0.993
 0.994 0.995 0.996 0.997 0.998 0.999 1.   ]",1e-06,1288.6443221610807,True,10000.0,additive,1288.6443221610807,2000.0
0,31,0,"[0.97  0.971 0.972 0.973 0.974 0.975 0.976 0.977 0.978 0.979 0.98  0.981
 0.982 0.983 0.984 0.985 0.986 0.987 0.988 0.989 0.99  0.991 0.992 0.993
 0.994 0.995 0.996 0.997 0.998 0.999 1.   ]",1e-05,0.0,False,10000.0,additive,1164.582291145573,2000.0
0,31,0,"[0.97  0.971 0.972 0.973 0.974 0.975 0.976 0.977 0.978 0.979 0.98  0.981
 0.982 0.983 0.984 0.985 0.986 0.987 0.988 0.989 0.99  0.991 0.992 0.993
 0.994 0.995 0.996 0.997 0.998 0.999 1.   ]",1e-05,0.0,False,10000.0,additive,874.4372186093048,2000.0
0,31,0,"[0.97  0.971 0.972 0.973 0.974 0.975 0.976 0.977 0.978 0.979 0.98  0.981
 0.982 0.983 0.984 0.985 0.986 0.987 0.988 0.989 0.99  0.991 0.992 0.993
 0.994 0.995 0.996 0.997 0.998 0.999 1.   ]",1e-05,0.0,False,10000.0,additive,1646.823411705853,2000.0
0,31,271.135567783892,"[0.97  0.971 0.972 0.973 0.974 0.975 0.976 0.977 0.978 0.979 0.98  0.981
 0.982 0.983 0.984 0.985 0.986 0.987 0.988 0.989 0.99  0.991 0.992 0.993
 0.994 0.995 0.996 0.997 0.998 0.999 1.   ]",1e-05,271.135567783892,True,10000.0,additive,270.1350675337669,2000.0
0,31,377.1885942971486,"[0.97  0.971 0.972 0.973 0.974 0.975 0.976 0.977 0.978 0.979 0.98  0.981
 0.982 0.983 0.984 0.985 0.986 0.987 0.988 0.989 0.99  0.991 0.992 0.993
 0.994 0.995 0.996 0.997 0.998 0.999 1.   ]",1e-05,377.1885942971486,True,10000.0,additive,380.1900950475238,2000.0
0,31,736.368184092046,"[0.97  0.971 0.972 0.973 0.974 0.975 0.976 0.977 0.978 0.979 0.98  0.981
 0.982 0.983 0.984 0.985 0.986 0.987 0.988 0.989 0.99  0.991 0.992 0.993
 0.994 0.995 0.996 0.997 0.998 0.999 1.   ]",1e-05,736.368184092046,True,10000.0,additive,736.368184092046,2000.0
0,31,0,"[0.97  0.971 0.972 0.973 0.974 0.975 0.976 0.977 0.978 0.979 0.98  0.981
 0.982 0.983 0.984 0.985 0.986 0.987 0.988 0.989 0.99  0.991 0.992 0.993
 0.994 0.995 0.996 0.997 0.998 0.999 1.   ]",0.0001,0.0,False,10000.0,additive,165.08254127063532,2000.0
0,31,0,"[0.97  0.971 0.972 0.973 0.974 0.975 0.976 0.977 0.978 0.979 0.98  0.981
 0.982 0.983 0.984 0.985 0.986 0.987 0.988 0.989 0.99  0.991 0.992 0.993
 0.994 0.995 0.996 0.997 0.998 0.999 1.   ]",0.0001,0.0,False,10000.0,additive,245.12256128064033,2000.0
0,31,0,"[0.97  0.971 0.972 0.973 0.974 0.975 0.976 0.977 0.978 0.979 0.98  0.981
 0.982 0.983 0.984 0.985 0.986 0.987 0.988 0.989 0.99  0.991 0.992 0.993
 0.994 0.995 0.996 0.997 0.998 0.999 1.   ]",0.0001,0.0,False,10000.0,additive,213.10655327663832,2000.0
0,31,218.10905452726365,"[0.97  0.971 0.972 0.973 0.974 0.975 0.976 0.977 0.978 0.979 0.98  0.981
 0.982 0.983 0.984 0.985 0.986 0.987 0.988 0.989 0.99  0.991 0.992 0.993
 0.994 0.995 0.996 0.997 0.998 0.999 1.   ]",0.0001,218.10905452726365,True,10000.0,additive,217.10855427713858,2000.0
0,31,194.09704852426214,"[0.97  0.971 0.972 0.973 0.974 0.975 0.976 0.977 0.978 0.979 0.98  0.981
 0.982 0.983 0.984 0.985 0.986 0.987 0.988 0.989 0.99  0.991 0.992 0.993
 0.994 0.995 0.996 0.997 0.998 0.999 1.   ]",0.0001,193.0965482741371,True,10000.0,additive,192.09604802401202,2000.0
0,31,195.0975487743872,"[0.97  0.971 0.972 0.973 0.974 0.975 0.976 0.977 0.978 0.979 0.98  0.981
 0.982 0.983 0.984 0.985 0.986 0.987 0.988 0.989 0.99  0.991 0.992 0.993
 0.994 0.995 0.996 0.997 0.998 0.999 1.   ]",0.0001,193.0965482741371,True,10000.0,additive,191.09554777388695,2000.0
0,4,0,[0.9        0.93333333 0.96666667 1.        ],1e-06,0.0,False,10000.0,additive,0.0,2000.0
0,4,0,[0.9        0.93333333 0.96666667 1.        ],1e-06,1537.7688844422212,False,10000.0,additive,1277.6388194097049,2000.0
0,4,0,[0.9        0.93333333 0.96666667 1.        ],1e-06,791.3956978489246,False,10000.0,additive,383.19159579789897,2000.0
0,4,372.1860930465233,[0.9        0.93333333 0.96666667 1.        ],1e-06,372.1860930465233,True,10000.0,additive,371.1855927963982,2000.0
0,4,358.1790895447724,[0.9        0.93333333 0.96666667 1.        ],1e-06,358.1790895447724,True,10000.0,additive,357.17858929464734,2000.0
0,4,1315.6578289144572,[0.9        0.93333333 0.96666667 1.        ],1e-06,1315.6578289144572,True,10000.0,additive,1315.6578289144572,2000.0
0,4,374.18709354677344,[0.9        0.93333333 0.96666667 1.        ],1e-05,319.15957978989496,False,10000.0,additive,250.12506253126566,2000.0
0,4,608.304152076038,[0.9        0.93333333 0.96666667 1.        ],1e-05,336.16808404202106,False,10000.0,additive,241.1205602801401,2000.0
0,4,1768.8844422211107,[0.9        0.93333333 0.96666667 1.        ],1e-05,803.4017008504253,False,10000.0,additive,361.1805902951476,2000.0
0,4,130.06503251625813,[0.9        0.93333333 0.96666667 1.        ],1e-05,130.06503251625813,True,10000.0,additive,130.06503251625813,2000.0
0,4,206.1030515257629,[0.9        0.93333333 0.96666667 1.        ],1e-05,206.1030515257629,True,10000.0,additive,205.10255127563784,2000.0
0,4,159.07953976988495,[0.9        0.93333333 0.96666667 1.        ],1e-05,159.07953976988495,True,10000.0,additive,158.0790395197599,2000.0
0,4,317.1585792896448,[0.9        0.93333333 0.96666667 1.        ],0.0001,227.1135567783892,False,10000.0,additive,160.08004002001002,2000.0
0,4,373.18659329664837,[0.9        0.93333333 0.96666667 1.        ],0.0001,289.1445722861431,False,10000.0,additive,148.07403701850927,2000.0
0,4,263.13156578289147,[0.9        0.93333333 0.96666667 1.        ],0.0001,213.10655327663832,False,10000.0,additive,158.0790395197599,2000.0
0,4,97.04852426213107,[0.9        0.93333333 0.96666667 1.        ],0.0001,97.04852426213107,True,10000.0,additive,96.04802401200601,2000.0
0,4,78.03901950975488,[0.9        0.93333333 0.96666667 1.        ],0.0001,78.03901950975488,True,10000.0,additive,77.03851925962982,2000.0
0,4,107.0535267633817,[0.9        0.93333333 0.96666667 1.        ],0.0001,107.0535267633817,True,10000.0,additive,106.05302651325664,2000.0
0,11,0,[0.9  0.91 0.92 0.93 0.94 0.95 0.96 0.97 0.98 0.99 1.  ],1e-06,0.0,False,10000.0,additive,1320.6603301650825,2000.0
0,11,0,[0.9  0.91 0.92 0.93 0.94 0.95 0.96 0.97 0.98 0.99 1.  ],1e-06,0.0,False,10000.0,additive,0.0,2000.0
0,11,0,[0.9  0.91 0.92 0.93 0.94 0.95 0.96 0.97 0.98 0.99 1.  ],1e-06,0.0,False,10000.0,additive,1472.736368184092,2000.0
0,11,1009.5047523761882,[0.9  0.91 0.92 0.93 0.94 0.95 0.96 0.97 0.98 0.99 1.  ],1e-06,1009.5047523761882,True,10000.0,additive,1008.5042521260631,2000.0
0,11,974.487243621811,[0.9  0.91 0.92 0.93 0.94 0.95 0.96 0.97 0.98 0.99 1.  ],1e-06,974.487243621811,True,10000.0,additive,974.487243621811,2000.0
0,11,1903.951975987994,[0.9  0.91 0.92 0.93 0.94 0.95 0.96 0.97 0.98 0.99 1.  ],1e-06,1903.951975987994,True,10000.0,additive,1902.951475737869,2000.0
0,11,0,[0.9  0.91 0.92 0.93 0.94 0.95 0.96 0.97 0.98 0.99 1.  ],1e-05,0.0,False,10000.0,additive,496.248124062031,2000.0
0,11,0,[0.9  0.91 0.92 0.93 0.94 0.95 0.96 0.97 0.98 0.99 1.  ],1e-05,0.0,False,10000.0,additive,389.19459729864934,2000.0
0,11,0,[0.9  0.91 0.92 0.93 0.94 0.95 0.96 0.97 0.98 0.99 1.  ],1e-05,0.0,False,10000.0,additive,365.18259129564785,2000.0
0,11,229.11455727863932,[0.9  0.91 0.92 0.93 0.94 0.95 0.96 0.97 0.98 0.99 1.  ],1e-05,229.11455727863932,True,10000.0,additive,228.11405702851428,2000.0
0,11,162.08104052026013,[0.9  0.91 0.92 0.93 0.94 0.95 0.96 0.97 0.98 0.99 1.  ],1e-05,162.08104052026013,True,10000.0,additive,161.0805402701351,2000.0
0,11,142.0710355177589,[0.9  0.91 0.92 0.93 0.94 0.95 0.96 0.97 0.98 0.99 1.  ],1e-05,142.0710355177589,True,10000.0,additive,142.0710355177589,2000.0
0,11,1357.67883941971,[0.9  0.91 0.92 0.93 0.94 0.95 0.96 0.97 0.98 0.99 1.  ],0.0001,741.3706853426714,False,10000.0,additive,242.12106053026514,2000.0
0,11,1684.8424212106054,[0.9  0.91 0.92 0.93 0.94 0.95 0.96 0.97 0.98 0.99 1.  ],0.0001,767.3836918459231,False,10000.0,additive,192.09604802401202,2000.0
0,11,1846.9234617308655,[0.9  0.91 0.92 0.93 0.94 0.95 0.96 0.97 0.98 0.99 1.  ],0.0001,711.3556778389195,False,10000.0,additive,207.10355177588795,2000.0
0,11,102.05102551275638,[0.9  0.91 0.92 0.93 0.94 0.95 0.96 0.97 0.98 0.99 1.  ],0.0001,102.05102551275638,True,10000.0,additive,102.05102551275638,2000.0
0,11,94.04702351175588,[0.9  0.91 0.92 0.93 0.94 0.95 0.96 0.97 0.98 0.99 1.  ],0.0001,94.04702351175588,True,10000.0,additive,93.04652326163082,2000.0
0,11,93.04652326163082,[0.9  0.91 0.92 0.93 0.94 0.95 0.96 0.97 0.98 0.99 1.  ],0.0001,92.04602301150575,True,10000.0,additive,92.04602301150575,2000.0
0,31,0,"[0.9        0.90333333 0.90666667 0.91       0.91333333 0.91666667
 0.92       0.92333333 0.92666667 0.93       0.93333333 0.93666667
 0.94       0.94333333 0.94666667 0.95       0.95333333 0.95666667
 0.96       0.96333333 0.96666667 0.97       0.97333333 0.97666667
 0.98       0.98333333 0.98666667 0.99       0.99333333 0.99666667
 1.        ]",1e-06,0.0,False,10000.0,additive,0.0,2000.0
0,31,0,"[0.9        0.90333333 0.90666667 0.91       0.91333333 0.91666667
 0.92       0.92333333 0.92666667 0.93       0.93333333 0.93666667
 0.94       0.94333333 0.94666667 0.95       0.95333333 0.95666667
 0.96       0.96333333 0.96666667 0.97       0.97333333 0.97666667
 0.98       0.98333333 0.98666667 0.99       0.99333333 0.99666667
 1.        ]",1e-06,0.0,False,10000.0,additive,0.0,2000.0
0,31,0,"[0.9        0.90333333 0.90666667 0.91       0.91333333 0.91666667
 0.92       0.92333333 0.92666667 0.93       0.93333333 0.93666667
 0.94       0.94333333 0.94666667 0.95       0.95333333 0.95666667
 0.96       0.96333333 0.96666667 0.97       0.97333333 0.97666667
 0.98       0.98333333 0.98666667 0.99       0.99333333 0.99666667
 1.        ]",1e-06,0.0,False,10000.0,additive,0.0,2000.0
0,31,1277.6388194097049,"[0.9        0.90333333 0.90666667 0.91       0.91333333 0.91666667
 0.92       0.92333333 0.92666667 0.93       0.93333333 0.93666667
 0.94       0.94333333 0.94666667 0.95       0.95333333 0.95666667
 0.96       0.96333333 0.96666667 0.97       0.97333333 0.97666667
 0.98       0.98333333 0.98666667 0.99       0.99333333 0.99666667
 1.        ]",1e-06,1276.6383191595799,True,10000.0,additive,1275.6378189094548,2000.0
0,31,269.13456728364184,"[0.9        0.90333333 0.90666667 0.91       0.91333333 0.91666667
 0.92       0.92333333 0.92666667 0.93       0.93333333 0.93666667
 0.94       0.94333333 0.94666667 0.95       0.95333333 0.95666667
 0.96       0.96333333 0.96666667 0.97       0.97333333 0.97666667
 0.98       0.98333333 0.98666667 0.99       0.99333333 0.99666667
 1.        ]",1e-06,268.13406703351677,True,10000.0,additive,267.1335667833917,2000.0
0,31,1345.6728364182093,"[0.9        0.90333333 0.90666667 0.91       0.91333333 0.91666667
 0.92       0.92333333 0.92666667 0.93       0.93333333 0.93666667
 0.94       0.94333333 0.94666667 0.95       0.95333333 0.95666667
 0.96       0.96333333 0.96666667 0.97       0.97333333 0.97666667
 0.98       0.98333333 0.98666667 0.99       0.99333333 0.99666667
 1.        ]",1e-06,1345.6728364182093,True,10000.0,additive,1345.6728364182093,2000.0
0,31,0,"[0.9        0.90333333 0.90666667 0.91       0.91333333 0.91666667
 0.92       0.92333333 0.92666667 0.93       0.93333333 0.93666667
 0.94       0.94333333 0.94666667 0.95       0.95333333 0.95666667
 0.96       0.96333333 0.96666667 0.97       0.97333333 0.97666667
 0.98       0.98333333 0.98666667 0.99       0.99333333 0.99666667
 1.        ]",1e-05,0.0,False,10000.0,additive,789.3946973486744,2000.0
0,31,0,"[0.9        0.90333333 0.90666667 0.91       0.91333333 0.91666667
 0.92       0.92333333 0.92666667 0.93       0.93333333 0.93666667
 0.94       0.94333333 0.94666667 0.95       0.95333333 0.95666667
 0.96       0.96333333 0.96666667 0.97       0.97333333 0.97666667
 0.98       0.98333333 0.98666667 0.99       0.99333333 0.99666667
 1.        ]",1e-05,0.0,False,10000.0,additive,840.4202101050525,2000.0
0,31,0,"[0.9        0.90333333 0.90666667 0.91       0.91333333 0.91666667
 0.92       0.92333333 0.92666667 0.93       0.93333333 0.93666667
 0.94       0.94333333 0.94666667 0.95       0.95333333 0.95666667
 0.96       0.96333333 0.96666667 0.97       0.97333333 0.97666667
 0.98       0.98333333 0.98666667 0.99       0.99333333 0.99666667
 1.        ]",1e-05,0.0,False,10000.0,additive,635.3176588294148,2000.0
0,31,141.07053526763383,"[0.9        0.90333333 0.90666667 0.91       0.91333333 0.91666667
 0.92       0.92333333 0.92666667 0.93       0.93333333 0.93666667
 0.94       0.94333333 0.94666667 0.95       0.95333333 0.95666667
 0.96       0.96333333 0.96666667 0.97       0.97333333 0.97666667
 0.98       0.98333333 0.98666667 0.99       0.99333333 0.99666667
 1.        ]",1e-05,141.07053526763383,True,10000.0,additive,140.07003501750876,2000.0
0,31,142.0710355177589,"[0.9        0.90333333 0.90666667 0.91       0.91333333 0.91666667
 0.92       0.92333333 0.92666667 0.93       0.93333333 0.93666667
 0.94       0.94333333 0.94666667 0.95       0.95333333 0.95666667
 0.96       0.96333333 0.96666667 0.97       0.97333333 0.97666667
 0.98       0.98333333 0.98666667 0.99       0.99333333 0.99666667
 1.        ]",1e-05,141.07053526763383,True,10000.0,additive,141.07053526763383,2000.0
0,31,167.08354177088546,"[0.9        0.90333333 0.90666667 0.91       0.91333333 0.91666667
 0.92       0.92333333 0.92666667 0.93       0.93333333 0.93666667
 0.94       0.94333333 0.94666667 0.95       0.95333333 0.95666667
 0.96       0.96333333 0.96666667 0.97       0.97333333 0.97666667
 0.98       0.98333333 0.98666667 0.99       0.99333333 0.99666667
 1.        ]",1e-05,167.08354177088546,True,10000.0,additive,166.0830415207604,2000.0
0,31,0,"[0.9        0.90333333 0.90666667 0.91       0.91333333 0.91666667
 0.92       0.92333333 0.92666667 0.93       0.93333333 0.93666667
 0.94       0.94333333 0.94666667 0.95       0.95333333 0.95666667
 0.96       0.96333333 0.96666667 0.97       0.97333333 0.97666667
 0.98       0.98333333 0.98666667 0.99       0.99333333 0.99666667
 1.        ]",0.0001,1759.8799399699851,False,10000.0,additive,173.08654327163583,2000.0
0,31,0,"[0.9        0.90333333 0.90666667 0.91       0.91333333 0.91666667
 0.92       0.92333333 0.92666667 0.93       0.93333333 0.93666667
 0.94       0.94333333 0.94666667 0.95       0.95333333 0.95666667
 0.96       0.96333333 0.96666667 0.97       0.97333333 0.97666667
 0.98       0.98333333 0.98666667 0.99       0.99333333 0.99666667
 1.        ]",0.0001,1864.9324662331167,False,10000.0,additive,129.06453226613309,2000.0
0,31,0,"[0.9        0.90333333 0.90666667 0.91       0.91333333 0.91666667
 0.92       0.92333333 0.92666667 0.93       0.93333333 0.93666667
 0.94       0.94333333 0.94666667 0.95       0.95333333 0.95666667
 0.96       0.96333333 0.96666667 0.97       0.97333333 0.97666667
 0.98       0.98333333 0.98666667 0.99       0.99333333 0.99666667
 1.        ]",0.0001,1736.8684342171086,False,10000.0,additive,187.09354677338672,2000.0
0,31,76.03801900950475,"[0.9        0.90333333 0.90666667 0.91       0.91333333 0.91666667
 0.92       0.92333333 0.92666667 0.93       0.93333333 0.93666667
 0.94       0.94333333 0.94666667 0.95       0.95333333 0.95666667
 0.96       0.96333333 0.96666667 0.97       0.97333333 0.97666667
 0.98       0.98333333 0.98666667 0.99       0.99333333 0.99666667
 1.        ]",0.0001,76.03801900950475,True,10000.0,additive,73.03651825912956,2000.0
0,31,90.04502251125564,"[0.9        0.90333333 0.90666667 0.91       0.91333333 0.91666667
 0.92       0.92333333 0.92666667 0.93       0.93333333 0.93666667
 0.94       0.94333333 0.94666667 0.95       0.95333333 0.95666667
 0.96       0.96333333 0.96666667 0.97       0.97333333 0.97666667
 0.98       0.98333333 0.98666667 0.99       0.99333333 0.99666667
 1.        ]",0.0001,90.04502251125564,True,10000.0,additive,89.04452226113057,2000.0
0,31,91.0455227613807,"[0.9        0.90333333 0.90666667 0.91       0.91333333 0.91666667
 0.92       0.92333333 0.92666667 0.93       0.93333333 0.93666667
 0.94       0.94333333 0.94666667 0.95       0.95333333 0.95666667
 0.96       0.96333333 0.96666667 0.97       0.97333333 0.97666667
 0.98       0.98333333 0.98666667 0.99       0.99333333 0.99666667
 1.        ]",0.0001,90.04502251125564,True,10000.0,additive,89.04452226113057,2000.0
0,4,1230.615307653827,[0.7 0.8 0.9 1. ],1e-06,792.3961980990496,False,10000.0,additive,107.0535267633817,2000.0
0,4,1355.6778389194599,[0.7 0.8 0.9 1. ],1e-06,602.3011505752877,False,10000.0,additive,439.21960980490246,2000.0
0,4,0,[0.7 0.8 0.9 1. ],1e-06,695.3476738369185,False,10000.0,additive,326.1630815407704,2000.0
0,4,238.1190595297649,[0.7 0.8 0.9 1. ],1e-06,238.1190595297649,True,10000.0,additive,237.11855927963984,2000.0
0,4,185.09254627313658,[0.7 0.8 0.9 1. ],1e-06,185.09254627313658,True,10000.0,additive,184.0920460230115,2000.0
0,4,129.06453226613309,[0.7 0.8 0.9 1. ],1e-06,129.06453226613309,True,10000.0,additive,129.06453226613309,2000.0
0,4,407.20360180090046,[0.7 0.8 0.9 1. ],1e-05,162.08104052026013,False,10000.0,additive,92.04602301150575,2000.0
0,4,314.15707853926966,[0.7 0.8 0.9 1. ],1e-05,154.07703851925964,False,10000.0,additive,76.03801900950475,2000.0
0,4,322.1610805402702,[0.7 0.8 0.9 1. ],1e-05,235.11755877938973,False,10000.0,additive,105.05252626313157,2000.0
0,4,71.03551775887945,[0.7 0.8 0.9 1. ],1e-05,71.03551775887945,True,10000.0,additive,70.03501750875438,2000.0
0,4,48.024012006003005,[0.7 0.8 0.9 1. ],1e-05,48.024012006003005,True,10000.0,additive,47.02351175587794,2000.0
0,4,56.028014007003506,[0.7 0.8 0.9 1. ],1e-05,56.028014007003506,True,10000.0,additive,56.028014007003506,2000.0
0,4,125.06253126563283,[0.7 0.8 0.9 1. ],0.0001,91.0455227613807,False,10000.0,additive,62.03101550775388,2000.0
0,4,121.06053026513257,[0.7 0.8 0.9 1. ],0.0001,99.0495247623812,False,10000.0,additive,60.030015007503756,2000.0
0,4,179.0895447723862,[0.7 0.8 0.9 1. ],0.0001,108.05402701350675,False,10000.0,additive,82.04102051025514,2000.0
0,4,38.019009504752376,[0.7 0.8 0.9 1. ],0.0001,38.019009504752376,True,10000.0,additive,38.019009504752376,2000.0
0,4,40.020010005002504,[0.7 0.8 0.9 1. ],0.0001,40.020010005002504,True,10000.0,additive,40.020010005002504,2000.0
0,4,41.02051025512757,[0.7 0.8 0.9 1. ],0.0001,41.02051025512757,True,10000.0,additive,40.020010005002504,2000.0
0,11,0,[0.7  0.73 0.76 0.79 0.82 0.85 0.88 0.91 0.94 0.97 1.  ],1e-06,0.0,False,10000.0,additive,205.10255127563784,2000.0
0,11,0,[0.7  0.73 0.76 0.79 0.82 0.85 0.88 0.91 0.94 0.97 1.  ],1e-06,0.0,False,10000.0,additive,413.20660330165083,2000.0
0,11,0,[0.7  0.73 0.76 0.79 0.82 0.85 0.88 0.91 0.94 0.97 1.  ],1e-06,0.0,False,10000.0,additive,244.12206103051528,2000.0
0,11,54.02701350675338,[0.7  0.73 0.76 0.79 0.82 0.85 0.88 0.91 0.94 0.97 1.  ],1e-06,54.02701350675338,True,10000.0,additive,53.02651325662832,2000.0
0,11,191.09554777388695,[0.7  0.73 0.76 0.79 0.82 0.85 0.88 0.91 0.94 0.97 1.  ],1e-06,191.09554777388695,True,10000.0,additive,191.09554777388695,2000.0
0,11,87.04352176088045,[0.7  0.73 0.76 0.79 0.82 0.85 0.88 0.91 0.94 0.97 1.  ],1e-06,87.04352176088045,True,10000.0,additive,86.04302151075538,2000.0
0,11,1893.9469734867434,[0.7  0.73 0.76 0.79 0.82 0.85 0.88 0.91 0.94 0.97 1.  ],1e-05,604.3021510755378,False,10000.0,additive,0.0,2000.0
0,11,0,[0.7  0.73 0.76 0.79 0.82 0.85 0.88 0.91 0.94 0.97 1.  ],1e-05,831.4157078539271,False,10000.0,additive,226.11305652826414,2000.0
0,11,1988.9944972486244,[0.7  0.73 0.76 0.79 0.82 0.85 0.88 0.91 0.94 0.97 1.  ],1e-05,759.3796898449225,False,10000.0,additive,180.09004502251128,2000.0
0,11,47.02351175587794,[0.7  0.73 0.76 0.79 0.82 0.85 0.88 0.91 0.94 0.97 1.  ],1e-05,47.02351175587794,True,10000.0,additive,46.023011505752876,2000.0
0,11,50.025012506253134,[0.7  0.73 0.76 0.79 0.82 0.85 0.88 0.91 0.94 0.97 1.  ],1e-05,50.025012506253134,True,10000.0,additive,50.025012506253134,2000.0
0,11,100.05002501250627,[0.7  0.73 0.76 0.79 0.82 0.85 0.88 0.91 0.94 0.97 1.  ],1e-05,100.05002501250627,True,10000.0,additive,99.0495247623812,2000.0
0,11,690.3451725862932,[0.7  0.73 0.76 0.79 0.82 0.85 0.88 0.91 0.94 0.97 1.  ],0.0001,339.1695847923962,False,10000.0,additive,128.064032016008,2000.0
0,11,856.4282141070536,[0.7  0.73 0.76 0.79 0.82 0.85 0.88 0.91 0.94 0.97 1.  ],0.0001,377.1885942971486,False,10000.0,additive,121.06053026513257,2000.0
0,11,688.344172086043,[0.7  0.73 0.76 0.79 0.82 0.85 0.88 0.91 0.94 0.97 1.  ],0.0001,329.1645822911456,False,10000.0,additive,122.06103051525764,2000.0
0,11,45.02251125562782,[0.7  0.73 0.76 0.79 0.82 0.85 0.88 0.91 0.94 0.97 1.  ],0.0001,45.02251125562782,True,10000.0,additive,44.022011005502755,2000.0
0,11,38.019009504752376,[0.7  0.73 0.76 0.79 0.82 0.85 0.88 0.91 0.94 0.97 1.  ],0.0001,38.019009504752376,True,10000.0,additive,37.01850925462732,2000.0
0,11,57.02851425712857,[0.7  0.73 0.76 0.79 0.82 0.85 0.88 0.91 0.94 0.97 1.  ],0.0001,57.02851425712857,True,10000.0,additive,56.028014007003506,2000.0
0,31,0,"[0.7  0.71 0.72 0.73 0.74 0.75 0.76 0.77 0.78 0.79 0.8  0.81 0.82 0.83
 0.84 0.85 0.86 0.87 0.88 0.89 0.9  0.91 0.92 0.93 0.94 0.95 0.96 0.97
 0.98 0.99 1.  ]",1e-06,0.0,False,10000.0,additive,696.3481740870436,2000.0
0,31,0,"[0.7  0.71 0.72 0.73 0.74 0.75 0.76 0.77 0.78 0.79 0.8  0.81 0.82 0.83
 0.84 0.85 0.86 0.87 0.88 0.89 0.9  0.91 0.92 0.93 0.94 0.95 0.96 0.97
 0.98 0.99 1.  ]",1e-06,0.0,False,10000.0,additive,377.1885942971486,2000.0
0,31,0,"[0.7  0.71 0.72 0.73 0.74 0.75 0.76 0.77 0.78 0.79 0.8  0.81 0.82 0.83
 0.84 0.85 0.86 0.87 0.88 0.89 0.9  0.91 0.92 0.93 0.94 0.95 0.96 0.97
 0.98 0.99 1.  ]",1e-06,0.0,False,10000.0,additive,550.2751375687844,2000.0
0,31,57.02851425712857,"[0.7  0.71 0.72 0.73 0.74 0.75 0.76 0.77 0.78 0.79 0.8  0.81 0.82 0.83
 0.84 0.85 0.86 0.87 0.88 0.89 0.9  0.91 0.92 0.93 0.94 0.95 0.96 0.97
 0.98 0.99 1.  ]",1e-06,55.02751375687844,True,10000.0,additive,53.02651325662832,2000.0
0,31,98.04902451225614,"[0.7  0.71 0.72 0.73 0.74 0.75 0.76 0.77 0.78 0.79 0.8  0.81 0.82 0.83
 0.84 0.85 0.86 0.87 0.88 0.89 0.9  0.91 0.92 0.93 0.94 0.95 0.96 0.97
 0.98 0.99 1.  ]",1e-06,97.04852426213107,True,10000.0,additive,96.04802401200601,2000.0
0,31,358.1790895447724,"[0.7  0.71 0.72 0.73 0.74 0.75 0.76 0.77 0.78 0.79 0.8  0.81 0.82 0.83
 0.84 0.85 0.86 0.87 0.88 0.89 0.9  0.91 0.92 0.93 0.94 0.95 0.96 0.97
 0.98 0.99 1.  ]",1e-06,356.17808904452227,True,10000.0,additive,354.1770885442722,2000.0
0,31,0,"[0.7  0.71 0.72 0.73 0.74 0.75 0.76 0.77 0.78 0.79 0.8  0.81 0.82 0.83
 0.84 0.85 0.86 0.87 0.88 0.89 0.9  0.91 0.92 0.93 0.94 0.95 0.96 0.97
 0.98 0.99 1.  ]",1e-05,0.0,False,10000.0,additive,284.1420710355178,2000.0
0,31,0,"[0.7  0.71 0.72 0.73 0.74 0.75 0.76 0.77 0.78 0.79 0.8  0.81 0.82 0.83
 0.84 0.85 0.86 0.87 0.88 0.89 0.9  0.91 0.92 0.93 0.94 0.95 0.96 0.97
 0.98 0.99 1.  ]",1e-05,0.0,False,10000.0,additive,342.17108554277144,2000.0
0,31,0,"[0.7  0.71 0.72 0.73 0.74 0.75 0.76 0.77 0.78 0.79 0.8  0.81 0.82 0.83
 0.84 0.85 0.86 0.87 0.88 0.89 0.9  0.91 0.92 0.93 0.94 0.95 0.96 0.97
 0.98 0.99 1.  ]",1e-05,0.0,False,10000.0,additive,266.13306653326663,2000.0
0,31,85.04252126063032,"[0.7  0.71 0.72 0.73 0.74 0.75 0.76 0.77 0.78 0.79 0.8  0.81 0.82 0.83
 0.84 0.85 0.86 0.87 0.88 0.89 0.9  0.91 0.92 0.93 0.94 0.95 0.96 0.97
 0.98 0.99 1.  ]",1e-05,85.04252126063032,True,10000.0,additive,84.04202101050527,2000.0
0,31,72.03601800900451,"[0.7  0.71 0.72 0.73 0.74 0.75 0.76 0.77 0.78 0.79 0.8  0.81 0.82 0.83
 0.84 0.85 0.86 0.87 0.88 0.89 0.9  0.91 0.92 0.93 0.94 0.95 0.96 0.97
 0.98 0.99 1.  ]",1e-05,70.03501750875438,True,10000.0,additive,68.03401700850426,2000.0
0,31,53.02651325662832,"[0.7  0.71 0.72 0.73 0.74 0.75 0.76 0.77 0.78 0.79 0.8  0.81 0.82 0.83
 0.84 0.85 0.86 0.87 0.88 0.89 0.9  0.91 0.92 0.93 0.94 0.95 0.96 0.97
 0.98 0.99 1.  ]",1e-05,52.026013006503256,True,10000.0,additive,51.02551275637819,2000.0
0,31,0,"[0.7  0.71 0.72 0.73 0.74 0.75 0.76 0.77 0.78 0.79 0.8  0.81 0.82 0.83
 0.84 0.85 0.86 0.87 0.88 0.89 0.9  0.91 0.92 0.93 0.94 0.95 0.96 0.97
 0.98 0.99 1.  ]",0.0001,1074.5372686343173,False,10000.0,additive,111.05552776388195,2000.0
0,31,0,"[0.7  0.71 0.72 0.73 0.74 0.75 0.76 0.77 0.78 0.79 0.8  0.81 0.82 0.83
 0.84 0.85 0.86 0.87 0.88 0.89 0.9  0.91 0.92 0.93 0.94 0.95 0.96 0.97
 0.98 0.99 1.  ]",0.0001,1057.5287643821912,False,10000.0,additive,148.07403701850927,2000.0
0,31,0,"[0.7  0.71 0.72 0.73 0.74 0.75 0.76 0.77 0.78 0.79 0.8  0.81 0.82 0.83
 0.84 0.85 0.86 0.87 0.88 0.89 0.9  0.91 0.92 0.93 0.94 0.95 0.96 0.97
 0.98 0.99 1.  ]",0.0001,967.4837418709355,False,10000.0,additive,133.06653326663331,2000.0
0,31,58.029014507253635,"[0.7  0.71 0.72 0.73 0.74 0.75 0.76 0.77 0.78 0.79 0.8  0.81 0.82 0.83
 0.84 0.85 0.86 0.87 0.88 0.89 0.9  0.91 0.92 0.93 0.94 0.95 0.96 0.97
 0.98 0.99 1.  ]",0.0001,56.028014007003506,True,10000.0,additive,55.02751375687844,2000.0
0,31,55.02751375687844,"[0.7  0.71 0.72 0.73 0.74 0.75 0.76 0.77 0.78 0.79 0.8  0.81 0.82 0.83
 0.84 0.85 0.86 0.87 0.88 0.89 0.9  0.91 0.92 0.93 0.94 0.95 0.96 0.97
 0.98 0.99 1.  ]",0.0001,54.02701350675338,True,10000.0,additive,53.02651325662832,2000.0
0,31,52.026013006503256,"[0.7  0.71 0.72 0.73 0.74 0.75 0.76 0.77 0.78 0.79 0.8  0.81 0.82 0.83
 0.84 0.85 0.86 0.87 0.88 0.89 0.9  0.91 0.92 0.93 0.94 0.95 0.96 0.97
 0.98 0.99 1.  ]",0.0001,50.025012506253134,True,10000.0,additive,48.024012006003005,2000.0
0,4,0,[0.97 0.97 0.97 1.  ],1e-06,0.0,False,10000.0,recessive,0.0,2000.0
0,4,0,[0.97 0.97 0.97 1.  ],1e-06,0.0,False,10000.0,recessive,0.0,2000.0
0,4,0,[0.97 0.97 0.97 1.  ],1e-06,0.0,False,10000.0,recessive,0.0,2000.0
0,4,0,[0.97 0.97 0.97 1.  ],1e-06,0.0,True,10000.0,recessive,0.0,2000.0
0,4,0,[0.97 0.97 0.97 1.  ],1e-06,0.0,True,10000.0,recessive,0.0,2000.0
0,4,0,[0.97 0.97 0.97 1.  ],1e-06,0.0,True,10000.0,recessive,0.0,2000.0
0,4,0,[0.97 0.97 0.97 1.  ],1e-05,0.0,False,10000.0,recessive,0.0,2000.0
0,4,0,[0.97 0.97 0.97 1.  ],1e-05,0.0,False,10000.0,recessive,0.0,2000.0
0,4,0,[0.97 0.97 0.97 1.  ],1e-05,0.0,False,10000.0,recessive,0.0,2000.0
0,4,205.10255127563784,[0.97 0.97 0.97 1.  ],1e-05,205.10255127563784,True,10000.0,recessive,205.10255127563784,2000.0
0,4,1623.8119059529765,[0.97 0.97 0.97 1.  ],1e-05,1623.8119059529765,True,10000.0,recessive,1623.8119059529765,2000.0
0,4,172.08604302151076,[0.97 0.97 0.97 1.  ],1e-05,172.08604302151076,True,10000.0,recessive,176.08804402201102,2000.0
0,4,1908.9544772386193,[0.97 0.97 0.97 1.  ],0.0001,1897.9489744872437,False,10000.0,recessive,1844.9224612306155,2000.0
0,4,1921.9609804902452,[0.97 0.97 0.97 1.  ],0.0001,1911.9559779889946,False,10000.0,recessive,1892.9464732366184,2000.0
0,4,1680.840420210105,[0.97 0.97 0.97 1.  ],0.0001,1668.8344172086045,False,10000.0,recessive,1646.823411705853,2000.0
0,4,181.09054527263632,[0.97 0.97 0.97 1.  ],0.0001,181.09054527263632,True,10000.0,recessive,181.09054527263632,2000.0
0,4,230.1150575287644,[0.97 0.97 0.97 1.  ],0.0001,230.1150575287644,True,10000.0,recessive,232.11605802901454,2000.0
0,4,298.14907453726863,[0.97 0.97 0.97 1.  ],0.0001,298.14907453726863,True,10000.0,recessive,298.14907453726863,2000.0
0,11,0,[0.97 0.97 0.97 0.97 0.97 0.97 0.97 0.97 0.97 0.97 1.  ],1e-06,0.0,False,10000.0,recessive,0.0,2000.0
0,11,0,[0.97 0.97 0.97 0.97 0.97 0.97 0.97 0.97 0.97 0.97 1.  ],1e-06,0.0,False,10000.0,recessive,0.0,2000.0
0,11,0,[0.97 0.97 0.97 0.97 0.97 0.97 0.97 0.97 0.97 0.97 1.  ],1e-06,0.0,False,10000.0,recessive,0.0,2000.0
0,11,322.1610805402702,[0.97 0.97 0.97 0.97 0.97 0.97 0.97 0.97 0.97 0.97 1.  ],1e-06,322.1610805402702,True,10000.0,recessive,322.1610805402702,2000.0
0,11,0,[0.97 0.97 0.97 0.97 0.97 0.97 0.97 0.97 0.97 0.97 1.  ],1e-06,0.0,True,10000.0,recessive,0.0,2000.0
0,11,0,[0.97 0.97 0.97 0.97 0.97 0.97 0.97 0.97 0.97 0.97 1.  ],1e-06,0.0,True,10000.0,recessive,0.0,2000.0
0,11,0,[0.97 0.97 0.97 0.97 0.97 0.97 0.97 0.97 0.97 0.97 1.  ],1e-05,0.0,False,10000.0,recessive,0.0,2000.0
0,11,0,[0.97 0.97 0.97 0.97 0.97 0.97 0.97 0.97 0.97 0.97 1.  ],1e-05,0.0,False,10000.0,recessive,0.0,2000.0
0,11,0,[0.97 0.97 0.97 0.97 0.97 0.97 0.97 0.97 0.97 0.97 1.  ],1e-05,0.0,False,10000.0,recessive,0.0,2000.0
0,11,309.15457728864436,[0.97 0.97 0.97 0.97 0.97 0.97 0.97 0.97 0.97 0.97 1.  ],1e-05,309.15457728864436,True,10000.0,recessive,310.15507753876943,2000.0
0,11,598.2991495747874,[0.97 0.97 0.97 0.97 0.97 0.97 0.97 0.97 0.97 0.97 1.  ],1e-05,598.2991495747874,True,10000.0,recessive,598.2991495747874,2000.0
0,11,336.16808404202106,[0.97 0.97 0.97 0.97 0.97 0.97 0.97 0.97 0.97 0.97 1.  ],1e-05,336.16808404202106,True,10000.0,recessive,336.16808404202106,2000.0
0,11,0,[0.97 0.97 0.97 0.97 0.97 0.97 0.97 0.97 0.97 0.97 1.  ],0.0001,0.0,False,10000.0,recessive,904.4522261130566,2000.0
0,11,0,[0.97 0.97 0.97 0.97 0.97 0.97 0.97 0.97 0.97 0.97 1.  ],0.0001,0.0,False,10000.0,recessive,488.24412206103057,2000.0
0,11,0,[0.97 0.97 0.97 0.97 0.97 0.97 0.97 0.97 0.97 0.97 1.  ],0.0001,0.0,False,10000.0,recessive,892.4462231115558,2000.0
0,11,238.1190595297649,[0.97 0.97 0.97 0.97 0.97 0.97 0.97 0.97 0.97 0.97 1.  ],0.0001,238.1190595297649,True,10000.0,recessive,237.11855927963984,2000.0
0,11,273.1365682841421,[0.97 0.97 0.97 0.97 0.97 0.97 0.97 0.97 0.97 0.97 1.  ],0.0001,273.1365682841421,True,10000.0,recessive,272.13606803401706,2000.0
0,11,273.1365682841421,[0.97 0.97 0.97 0.97 0.97 0.97 0.97 0.97 0.97 0.97 1.  ],0.0001,273.1365682841421,True,10000.0,recessive,274.13706853426714,2000.0
0,31,0,"[0.97 0.97 0.97 0.97 0.97 0.97 0.97 0.97 0.97 0.97 0.97 0.97 0.97 0.97
 0.97 0.97 0.97 0.97 0.97 0.97 0.97 0.97 0.97 0.97 0.97 0.97 0.97 0.97
 0.97 0.97 1.  ]",1e-06,0.0,False,10000.0,recessive,0.0,2000.0
0,31,0,"[0.97 0.97 0.97 0.97 0.97 0.97 0.97 0.97 0.97 0.97 0.97 0.97 0.97 0.97
 0.97 0.97 0.97 0.97 0.97 0.97 0.97 0.97 0.97 0.97 0.97 0.97 0.97 0.97
 0.97 0.97 1.  ]",1e-06,0.0,False,10000.0,recessive,0.0,2000.0
0,31,0,"[0.97 0.97 0.97 0.97 0.97 0.97 0.97 0.97 0.97 0.97 0.97 0.97 0.97 0.97
 0.97 0.97 0.97 0.97 0.97 0.97 0.97 0.97 0.97 0.97 0.97 0.97 0.97 0.97
 0.97 0.97 1.  ]",1e-06,0.0,False,10000.0,recessive,0.0,2000.0
0,31,360.18009004502255,"[0.97 0.97 0.97 0.97 0.97 0.97 0.97 0.97 0.97 0.97 0.97 0.97 0.97 0.97
 0.97 0.97 0.97 0.97 0.97 0.97 0.97 0.97 0.97 0.97 0.97 0.97 0.97 0.97
 0.97 0.97 1.  ]",1e-06,360.18009004502255,True,10000.0,recessive,363.1815907953977,2000.0
0,31,0,"[0.97 0.97 0.97 0.97 0.97 0.97 0.97 0.97 0.97 0.97 0.97 0.97 0.97 0.97
 0.97 0.97 0.97 0.97 0.97 0.97 0.97 0.97 0.97 0.97 0.97 0.97 0.97 0.97
 0.97 0.97 1.  ]",1e-06,0.0,True,10000.0,recessive,0.0,2000.0
0,31,0,"[0.97 0.97 0.97 0.97 0.97 0.97 0.97 0.97 0.97 0.97 0.97 0.97 0.97 0.97
 0.97 0.97 0.97 0.97 0.97 0.97 0.97 0.97 0.97 0.97 0.97 0.97 0.97 0.97
 0.97 0.97 1.  ]",1e-06,0.0,True,10000.0,recessive,0.0,2000.0
0,31,0,"[0.97 0.97 0.97 0.97 0.97 0.97 0.97 0.97 0.97 0.97 0.97 0.97 0.97 0.97
 0.97 0.97 0.97 0.97 0.97 0.97 0.97 0.97 0.97 0.97 0.97 0.97 0.97 0.97
 0.97 0.97 1.  ]",1e-05,0.0,False,10000.0,recessive,0.0,2000.0
0,31,0,"[0.97 0.97 0.97 0.97 0.97 0.97 0.97 0.97 0.97 0.97 0.97 0.97 0.97 0.97
 0.97 0.97 0.97 0.97 0.97 0.97 0.97 0.97 0.97 0.97 0.97 0.97 0.97 0.97
 0.97 0.97 1.  ]",1e-05,0.0,False,10000.0,recessive,0.0,2000.0
0,31,0,"[0.97 0.97 0.97 0.97 0.97 0.97 0.97 0.97 0.97 0.97 0.97 0.97 0.97 0.97
 0.97 0.97 0.97 0.97 0.97 0.97 0.97 0.97 0.97 0.97 0.97 0.97 0.97 0.97
 0.97 0.97 1.  ]",1e-05,0.0,False,10000.0,recessive,1910.9554777388696,2000.0
0,31,1378.6893446723363,"[0.97 0.97 0.97 0.97 0.97 0.97 0.97 0.97 0.97 0.97 0.97 0.97 0.97 0.97
 0.97 0.97 0.97 0.97 0.97 0.97 0.97 0.97 0.97 0.97 0.97 0.97 0.97 0.97
 0.97 0.97 1.  ]",1e-05,1378.6893446723363,True,10000.0,recessive,1378.6893446723363,2000.0
0,31,318.1590795397699,"[0.97 0.97 0.97 0.97 0.97 0.97 0.97 0.97 0.97 0.97 0.97 0.97 0.97 0.97
 0.97 0.97 0.97 0.97 0.97 0.97 0.97 0.97 0.97 0.97 0.97 0.97 0.97 0.97
 0.97 0.97 1.  ]",1e-05,318.1590795397699,True,10000.0,recessive,321.1605802901451,2000.0
0,31,272.13606803401706,"[0.97 0.97 0.97 0.97 0.97 0.97 0.97 0.97 0.97 0.97 0.97 0.97 0.97 0.97
 0.97 0.97 0.97 0.97 0.97 0.97 0.97 0.97 0.97 0.97 0.97 0.97 0.97 0.97
 0.97 0.97 1.  ]",1e-05,272.13606803401706,True,10000.0,recessive,272.13606803401706,2000.0
0,31,0,"[0.97 0.97 0.97 0.97 0.97 0.97 0.97 0.97 0.97 0.97 0.97 0.97 0.97 0.97
 0.97 0.97 0.97 0.97 0.97 0.97 0.97 0.97 0.97 0.97 0.97 0.97 0.97 0.97
 0.97 0.97 1.  ]",0.0001,0.0,False,10000.0,recessive,230.1150575287644,2000.0
0,31,0,"[0.97 0.97 0.97 0.97 0.97 0.97 0.97 0.97 0.97 0.97 0.97 0.97 0.97 0.97
 0.97 0.97 0.97 0.97 0.97 0.97 0.97 0.97 0.97 0.97 0.97 0.97 0.97 0.97
 0.97 0.97 1.  ]",0.0001,0.0,False,10000.0,recessive,209.1045522761381,2000.0
0,31,0,"[0.97 0.97 0.97 0.97 0.97 0.97 0.97 0.97 0.97 0.97 0.97 0.97 0.97 0.97
 0.97 0.97 0.97 0.97 0.97 0.97 0.97 0.97 0.97 0.97 0.97 0.97 0.97 0.97
 0.97 0.97 1.  ]",0.0001,0.0,False,10000.0,recessive,200.10005002501254,2000.0
0,31,246.1230615307654,"[0.97 0.97 0.97 0.97 0.97 0.97 0.97 0.97 0.97 0.97 0.97 0.97 0.97 0.97
 0.97 0.97 0.97 0.97 0.97 0.97 0.97 0.97 0.97 0.97 0.97 0.97 0.97 0.97
 0.97 0.97 1.  ]",0.0001,245.12256128064033,True,10000.0,recessive,245.12256128064033,2000.0
0,31,345.1725862931466,"[0.97 0.97 0.97 0.97 0.97 0.97 0.97 0.97 0.97 0.97 0.97 0.97 0.97 0.97
 0.97 0.97 0.97 0.97 0.97 0.97 0.97 0.97 0.97 0.97 0.97 0.97 0.97 0.97
 0.97 0.97 1.  ]",0.0001,345.1725862931466,True,10000.0,recessive,344.1720860430215,2000.0
0,31,276.1380690345173,"[0.97 0.97 0.97 0.97 0.97 0.97 0.97 0.97 0.97 0.97 0.97 0.97 0.97 0.97
 0.97 0.97 0.97 0.97 0.97 0.97 0.97 0.97 0.97 0.97 0.97 0.97 0.97 0.97
 0.97 0.97 1.  ]",0.0001,276.1380690345173,True,10000.0,recessive,275.1375687843922,2000.0
0,4,0,[0.9 0.9 0.9 1. ],1e-06,0.0,False,10000.0,recessive,0.0,2000.0
0,4,0,[0.9 0.9 0.9 1. ],1e-06,0.0,False,10000.0,recessive,0.0,2000.0
0,4,0,[0.9 0.9 0.9 1. ],1e-06,0.0,False,10000.0,recessive,0.0,2000.0
0,4,163.0815407703852,[0.9 0.9 0.9 1. ],1e-06,163.0815407703852,True,10000.0,recessive,162.08104052026013,2000.0
0,4,563.2816408204103,[0.9 0.9 0.9 1. ],1e-06,563.2816408204103,True,10000.0,recessive,562.2811405702852,2000.0
0,4,534.2671335667834,[0.9 0.9 0.9 1. ],1e-06,534.2671335667834,True,10000.0,recessive,533.2666333166584,2000.0
0,4,0,[0.9 0.9 0.9 1. ],1e-05,0.0,False,10000.0,recessive,0.0,2000.0
0,4,0,[0.9 0.9 0.9 1. ],1e-05,0.0,False,10000.0,recessive,0.0,2000.0
0,4,0,[0.9 0.9 0.9 1. ],1e-05,0.0,False,10000.0,recessive,0.0,2000.0
0,4,211.1055527763882,[0.9 0.9 0.9 1. ],1e-05,211.1055527763882,True,10000.0,recessive,211.1055527763882,2000.0
0,4,150.0750375187594,[0.9 0.9 0.9 1. ],1e-05,150.0750375187594,True,10000.0,recessive,150.0750375187594,2000.0
0,4,134.06703351675839,[0.9 0.9 0.9 1. ],1e-05,134.06703351675839,True,10000.0,recessive,133.06653326663331,2000.0
0,4,1301.6508254127064,[0.9 0.9 0.9 1. ],0.0001,1296.648324162081,False,10000.0,recessive,1271.6358179089546,2000.0
0,4,752.376188094047,[0.9 0.9 0.9 1. ],0.0001,750.3751875937969,False,10000.0,recessive,744.3721860930466,2000.0
0,4,795.3976988494247,[0.9 0.9 0.9 1. ],0.0001,794.3971985992997,False,10000.0,recessive,789.3946973486744,2000.0
0,4,59.02951475737869,[0.9 0.9 0.9 1. ],0.0001,59.02951475737869,True,10000.0,recessive,58.029014507253635,2000.0
0,4,92.04602301150575,[0.9 0.9 0.9 1. ],0.0001,92.04602301150575,True,10000.0,recessive,92.04602301150575,2000.0
0,4,66.03301650825414,[0.9 0.9 0.9 1. ],0.0001,66.03301650825414,True,10000.0,recessive,65.03251625812906,2000.0
0,11,0,[0.9 0.9 0.9 0.9 0.9 0.9 0.9 0.9 0.9 0.9 1. ],1e-06,0.0,False,10000.0,recessive,0.0,2000.0
0,11,0,[0.9 0.9 0.9 0.9 0.9 0.9 0.9 0.9 0.9 0.9 1. ],1e-06,0.0,False,10000.0,recessive,0.0,2000.0
0,11,0,[0.9 0.9 0.9 0.9 0.9 0.9 0.9 0.9 0.9 0.9 1. ],1e-06,0.0,False,10000.0,recessive,0.0,2000.0
0,11,1294.647323661831,[0.9 0.9 0.9 0.9 0.9 0.9 0.9 0.9 0.9 0.9 1. ],1e-06,1294.647323661831,True,10000.0,recessive,1294.647323661831,2000.0
0,11,0,[0.9 0.9 0.9 0.9 0.9 0.9 0.9 0.9 0.9 0.9 1. ],1e-06,0.0,True,10000.0,recessive,0.0,2000.0
0,11,248.1240620310155,[0.9 0.9 0.9 0.9 0.9 0.9 0.9 0.9 0.9 0.9 1. ],1e-06,248.1240620310155,True,10000.0,recessive,248.1240620310155,2000.0
0,11,0,[0.9 0.9 0.9 0.9 0.9 0.9 0.9 0.9 0.9 0.9 1. ],1e-05,0.0,False,10000.0,recessive,0.0,2000.0
0,11,0,[0.9 0.9 0.9 0.9 0.9 0.9 0.9 0.9 0.9 0.9 1. ],1e-05,0.0,False,10000.0,recessive,0.0,2000.0
0,11,0,[0.9 0.9 0.9 0.9 0.9 0.9 0.9 0.9 0.9 0.9 1. ],1e-05,0.0,False,10000.0,recessive,0.0,2000.0
0,11,209.1045522761381,[0.9 0.9 0.9 0.9 0.9 0.9 0.9 0.9 0.9 0.9 1. ],1e-05,209.1045522761381,True,10000.0,recessive,209.1045522761381,2000.0
0,11,261.1305652826413,[0.9 0.9 0.9 0.9 0.9 0.9 0.9 0.9 0.9 0.9 1. ],1e-05,261.1305652826413,True,10000.0,recessive,260.13006503251626,2000.0
0,11,177.0885442721361,[0.9 0.9 0.9 0.9 0.9 0.9 0.9 0.9 0.9 0.9 1. ],1e-05,177.0885442721361,True,10000.0,recessive,176.08804402201102,2000.0
0,11,0,[0.9 0.9 0.9 0.9 0.9 0.9 0.9 0.9 0.9 0.9 1. ],0.0001,0.0,False,10000.0,recessive,658.3291645822912,2000.0
0,11,0,[0.9 0.9 0.9 0.9 0.9 0.9 0.9 0.9 0.9 0.9 1. ],0.0001,0.0,False,10000.0,recessive,1170.5852926463233,2000.0
0,11,0,[0.9 0.9 0.9 0.9 0.9 0.9 0.9 0.9 0.9 0.9 1. ],0.0001,0.0,False,10000.0,recessive,478.2391195597799,2000.0
0,11,142.0710355177589,[0.9 0.9 0.9 0.9 0.9 0.9 0.9 0.9 0.9 0.9 1. ],0.0001,142.0710355177589,True,10000.0,recessive,141.07053526763383,2000.0
0,11,86.04302151075538,[0.9 0.9 0.9 0.9 0.9 0.9 0.9 0.9 0.9 0.9 1. ],0.0001,86.04302151075538,True,10000.0,recessive,85.04252126063032,2000.0
0,11,121.06053026513257,[0.9 0.9 0.9 0.9 0.9 0.9 0.9 0.9 0.9 0.9 1. ],0.0001,121.06053026513257,True,10000.0,recessive,121.06053026513257,2000.0
0,31,0,"[0.9 0.9 0.9 0.9 0.9 0.9 0.9 0.9 0.9 0.9 0.9 0.9 0.9 0.9 0.9 0.9 0.9 0.9
 0.9 0.9 0.9 0.9 0.9 0.9 0.9 0.9 0.9 0.9 0.9 0.9 1. ]",1e-06,0.0,False,10000.0,recessive,0.0,2000.0
0,31,0,"[0.9 0.9 0.9 0.9 0.9 0.9 0.9 0.9 0.9 0.9 0.9 0.9 0.9 0.9 0.9 0.9 0.9 0.9
 0.9 0.9 0.9 0.9 0.9 0.9 0.9 0.9 0.9 0.9 0.9 0.9 1. ]",1e-06,0.0,False,10000.0,recessive,0.0,2000.0
0,31,0,"[0.9 0.9 0.9 0.9 0.9 0.9 0.9 0.9 0.9 0.9 0.9 0.9 0.9 0.9 0.9 0.9 0.9 0.9
 0.9 0.9 0.9 0.9 0.9 0.9 0.9 0.9 0.9 0.9 0.9 0.9 1. ]",1e-06,0.0,False,10000.0,recessive,0.0,2000.0
0,31,0,"[0.9 0.9 0.9 0.9 0.9 0.9 0.9 0.9 0.9 0.9 0.9 0.9 0.9 0.9 0.9 0.9 0.9 0.9
 0.9 0.9 0.9 0.9 0.9 0.9 0.9 0.9 0.9 0.9 0.9 0.9 1. ]",1e-06,0.0,True,10000.0,recessive,0.0,2000.0
0,31,0,"[0.9 0.9 0.9 0.9 0.9 0.9 0.9 0.9 0.9 0.9 0.9 0.9 0.9 0.9 0.9 0.9 0.9 0.9
 0.9 0.9 0.9 0.9 0.9 0.9 0.9 0.9 0.9 0.9 0.9 0.9 1. ]",1e-06,0.0,True,10000.0,recessive,0.0,2000.0
0,31,0,"[0.9 0.9 0.9 0.9 0.9 0.9 0.9 0.9 0.9 0.9 0.9 0.9 0.9 0.9 0.9 0.9 0.9 0.9
 0.9 0.9 0.9 0.9 0.9 0.9 0.9 0.9 0.9 0.9 0.9 0.9 1. ]",1e-06,0.0,True,10000.0,recessive,0.0,2000.0
0,31,0,"[0.9 0.9 0.9 0.9 0.9 0.9 0.9 0.9 0.9 0.9 0.9 0.9 0.9 0.9 0.9 0.9 0.9 0.9
 0.9 0.9 0.9 0.9 0.9 0.9 0.9 0.9 0.9 0.9 0.9 0.9 1. ]",1e-05,0.0,False,10000.0,recessive,1601.8009004502253,2000.0
0,31,0,"[0.9 0.9 0.9 0.9 0.9 0.9 0.9 0.9 0.9 0.9 0.9 0.9 0.9 0.9 0.9 0.9 0.9 0.9
 0.9 0.9 0.9 0.9 0.9 0.9 0.9 0.9 0.9 0.9 0.9 0.9 1. ]",1e-05,0.0,False,10000.0,recessive,0.0,2000.0
0,31,0,"[0.9 0.9 0.9 0.9 0.9 0.9 0.9 0.9 0.9 0.9 0.9 0.9 0.9 0.9 0.9 0.9 0.9 0.9
 0.9 0.9 0.9 0.9 0.9 0.9 0.9 0.9 0.9 0.9 0.9 0.9 1. ]",1e-05,0.0,False,10000.0,recessive,1792.8964482241122,2000.0
0,31,620.3101550775389,"[0.9 0.9 0.9 0.9 0.9 0.9 0.9 0.9 0.9 0.9 0.9 0.9 0.9 0.9 0.9 0.9 0.9 0.9
 0.9 0.9 0.9 0.9 0.9 0.9 0.9 0.9 0.9 0.9 0.9 0.9 1. ]",1e-05,620.3101550775389,True,10000.0,recessive,619.3096548274137,2000.0
0,31,366.1830915457729,"[0.9 0.9 0.9 0.9 0.9 0.9 0.9 0.9 0.9 0.9 0.9 0.9 0.9 0.9 0.9 0.9 0.9 0.9
 0.9 0.9 0.9 0.9 0.9 0.9 0.9 0.9 0.9 0.9 0.9 0.9 1. ]",1e-05,366.1830915457729,True,10000.0,recessive,365.18259129564785,2000.0
0,31,271.135567783892,"[0.9 0.9 0.9 0.9 0.9 0.9 0.9 0.9 0.9 0.9 0.9 0.9 0.9 0.9 0.9 0.9 0.9 0.9
 0.9 0.9 0.9 0.9 0.9 0.9 0.9 0.9 0.9 0.9 0.9 0.9 1. ]",1e-05,271.135567783892,True,10000.0,recessive,270.1350675337669,2000.0
0,31,0,"[0.9 0.9 0.9 0.9 0.9 0.9 0.9 0.9 0.9 0.9 0.9 0.9 0.9 0.9 0.9 0.9 0.9 0.9
 0.9 0.9 0.9 0.9 0.9 0.9 0.9 0.9 0.9 0.9 0.9 0.9 1. ]",0.0001,0.0,False,10000.0,recessive,312.1560780390195,2000.0
0,31,0,"[0.9 0.9 0.9 0.9 0.9 0.9 0.9 0.9 0.9 0.9 0.9 0.9 0.9 0.9 0.9 0.9 0.9 0.9
 0.9 0.9 0.9 0.9 0.9 0.9 0.9 0.9 0.9 0.9 0.9 0.9 1. ]",0.0001,0.0,False,10000.0,recessive,246.1230615307654,2000.0
0,31,0,"[0.9 0.9 0.9 0.9 0.9 0.9 0.9 0.9 0.9 0.9 0.9 0.9 0.9 0.9 0.9 0.9 0.9 0.9
 0.9 0.9 0.9 0.9 0.9 0.9 0.9 0.9 0.9 0.9 0.9 0.9 1. ]",0.0001,0.0,False,10000.0,recessive,204.10205102551276,2000.0
0,31,118.05902951475738,"[0.9 0.9 0.9 0.9 0.9 0.9 0.9 0.9 0.9 0.9 0.9 0.9 0.9 0.9 0.9 0.9 0.9 0.9
 0.9 0.9 0.9 0.9 0.9 0.9 0.9 0.9 0.9 0.9 0.9 0.9 1. ]",0.0001,118.05902951475738,True,10000.0,recessive,117.05852926463233,2000.0
0,31,162.08104052026013,"[0.9 0.9 0.9 0.9 0.9 0.9 0.9 0.9 0.9 0.9 0.9 0.9 0.9 0.9 0.9 0.9 0.9 0.9
 0.9 0.9 0.9 0.9 0.9 0.9 0.9 0.9 0.9 0.9 0.9 0.9 1. ]",0.0001,162.08104052026013,True,10000.0,recessive,161.0805402701351,2000.0
0,31,90.04502251125564,"[0.9 0.9 0.9 0.9 0.9 0.9 0.9 0.9 0.9 0.9 0.9 0.9 0.9 0.9 0.9 0.9 0.9 0.9
 0.9 0.9 0.9 0.9 0.9 0.9 0.9 0.9 0.9 0.9 0.9 0.9 1. ]",0.0001,90.04502251125564,True,10000.0,recessive,89.04452226113057,2000.0
0,4,0,[0.7 0.7 0.7 1. ],1e-06,0.0,False,10000.0,recessive,0.0,2000.0
0,4,0,[0.7 0.7 0.7 1. ],1e-06,0.0,False,10000.0,recessive,0.0,2000.0
0,4,0,[0.7 0.7 0.7 1. ],1e-06,0.0,False,10000.0,recessive,0.0,2000.0
0,4,660.3301650825413,[0.7 0.7 0.7 1. ],1e-06,660.3301650825413,True,10000.0,recessive,659.3296648324163,2000.0
0,4,112.05602801400701,[0.7 0.7 0.7 1. ],1e-06,112.05602801400701,True,10000.0,recessive,112.05602801400701,2000.0
0,4,288.14407203601803,[0.7 0.7 0.7 1. ],1e-06,288.14407203601803,True,10000.0,recessive,287.14357178589296,2000.0
0,4,0,[0.7 0.7 0.7 1. ],1e-05,0.0,False,10000.0,recessive,0.0,2000.0
0,4,0,[0.7 0.7 0.7 1. ],1e-05,0.0,False,10000.0,recessive,0.0,2000.0
0,4,0,[0.7 0.7 0.7 1. ],1e-05,0.0,False,10000.0,recessive,0.0,2000.0
0,4,92.04602301150575,[0.7 0.7 0.7 1. ],1e-05,92.04602301150575,True,10000.0,recessive,91.0455227613807,2000.0
0,4,111.05552776388195,[0.7 0.7 0.7 1. ],1e-05,111.05552776388195,True,10000.0,recessive,110.05502751375688,2000.0
0,4,56.028014007003506,[0.7 0.7 0.7 1. ],1e-05,56.028014007003506,True,10000.0,recessive,55.02751375687844,2000.0
0,4,1030.5152576288144,[0.7 0.7 0.7 1. ],0.0001,1029.5147573786894,False,10000.0,recessive,1026.5132566283141,2000.0
0,4,1658.8294147073539,[0.7 0.7 0.7 1. ],0.0001,1657.8289144572288,False,10000.0,recessive,1655.8279139569786,2000.0
0,4,513.2566283141571,[0.7 0.7 0.7 1. ],0.0001,513.2566283141571,False,10000.0,recessive,511.255627813907,2000.0
0,4,49.02451225612807,[0.7 0.7 0.7 1. ],0.0001,49.02451225612807,True,10000.0,recessive,48.024012006003005,2000.0
0,4,50.025012506253134,[0.7 0.7 0.7 1. ],0.0001,50.025012506253134,True,10000.0,recessive,50.025012506253134,2000.0
0,4,40.020010005002504,[0.7 0.7 0.7 1. ],0.0001,40.020010005002504,True,10000.0,recessive,39.01950975487744,2000.0
0,11,0,[0.7 0.7 0.7 0.7 0.7 0.7 0.7 0.7 0.7 0.7 1. ],1e-06,0.0,False,10000.0,recessive,0.0,2000.0
0,11,0,[0.7 0.7 0.7 0.7 0.7 0.7 0.7 0.7 0.7 0.7 1. ],1e-06,0.0,False,10000.0,recessive,0.0,2000.0
0,11,0,[0.7 0.7 0.7 0.7 0.7 0.7 0.7 0.7 0.7 0.7 1. ],1e-06,0.0,False,10000.0,recessive,0.0,2000.0
0,11,114.05702851425714,[0.7 0.7 0.7 0.7 0.7 0.7 0.7 0.7 0.7 0.7 1. ],1e-06,114.05702851425714,True,10000.0,recessive,113.05652826413207,2000.0
0,11,579.2896448224112,[0.7 0.7 0.7 0.7 0.7 0.7 0.7 0.7 0.7 0.7 1. ],1e-06,579.2896448224112,True,10000.0,recessive,578.2891445722862,2000.0
0,11,49.02451225612807,[0.7 0.7 0.7 0.7 0.7 0.7 0.7 0.7 0.7 0.7 1. ],1e-06,49.02451225612807,True,10000.0,recessive,48.024012006003005,2000.0
0,11,0,[0.7 0.7 0.7 0.7 0.7 0.7 0.7 0.7 0.7 0.7 1. ],1e-05,0.0,False,10000.0,recessive,0.0,2000.0
0,11,0,[0.7 0.7 0.7 0.7 0.7 0.7 0.7 0.7 0.7 0.7 1. ],1e-05,0.0,False,10000.0,recessive,1749.8749374687345,2000.0
0,11,0,[0.7 0.7 0.7 0.7 0.7 0.7 0.7 0.7 0.7 0.7 1. ],1e-05,0.0,False,10000.0,recessive,0.0,2000.0
0,11,138.06903451725864,[0.7 0.7 0.7 0.7 0.7 0.7 0.7 0.7 0.7 0.7 1. ],1e-05,138.06903451725864,True,10000.0,recessive,137.06853426713357,2000.0
0,11,99.0495247623812,[0.7 0.7 0.7 0.7 0.7 0.7 0.7 0.7 0.7 0.7 1. ],1e-05,99.0495247623812,True,10000.0,recessive,98.04902451225614,2000.0
0,11,251.12556278139073,[0.7 0.7 0.7 0.7 0.7 0.7 0.7 0.7 0.7 0.7 1. ],1e-05,251.12556278139073,True,10000.0,recessive,251.12556278139073,2000.0
0,11,0,[0.7 0.7 0.7 0.7 0.7 0.7 0.7 0.7 0.7 0.7 1. ],0.0001,0.0,False,10000.0,recessive,669.3346673336669,2000.0
0,11,0,[0.7 0.7 0.7 0.7 0.7 0.7 0.7 0.7 0.7 0.7 1. ],0.0001,0.0,False,10000.0,recessive,763.3816908454228,2000.0
0,11,0,[0.7 0.7 0.7 0.7 0.7 0.7 0.7 0.7 0.7 0.7 1. ],0.0001,0.0,False,10000.0,recessive,398.1990995497749,2000.0
0,11,47.02351175587794,[0.7 0.7 0.7 0.7 0.7 0.7 0.7 0.7 0.7 0.7 1. ],0.0001,47.02351175587794,True,10000.0,recessive,46.023011505752876,2000.0
0,11,55.02751375687844,[0.7 0.7 0.7 0.7 0.7 0.7 0.7 0.7 0.7 0.7 1. ],0.0001,55.02751375687844,True,10000.0,recessive,54.02701350675338,2000.0
0,11,49.02451225612807,[0.7 0.7 0.7 0.7 0.7 0.7 0.7 0.7 0.7 0.7 1. ],0.0001,49.02451225612807,True,10000.0,recessive,48.024012006003005,2000.0
0,31,0,"[0.7 0.7 0.7 0.7 0.7 0.7 0.7 0.7 0.7 0.7 0.7 0.7 0.7 0.7 0.7 0.7 0.7 0.7
 0.7 0.7 0.7 0.7 0.7 0.7 0.7 0.7 0.7 0.7 0.7 0.7 1. ]",1e-06,0.0,False,10000.0,recessive,0.0,2000.0
0,31,0,"[0.7 0.7 0.7 0.7 0.7 0.7 0.7 0.7 0.7 0.7 0.7 0.7 0.7 0.7 0.7 0.7 0.7 0.7
 0.7 0.7 0.7 0.7 0.7 0.7 0.7 0.7 0.7 0.7 0.7 0.7 1. ]",1e-06,0.0,False,10000.0,recessive,0.0,2000.0
0,31,0,"[0.7 0.7 0.7 0.7 0.7 0.7 0.7 0.7 0.7 0.7 0.7 0.7 0.7 0.7 0.7 0.7 0.7 0.7
 0.7 0.7 0.7 0.7 0.7 0.7 0.7 0.7 0.7 0.7 0.7 0.7 1. ]",1e-06,0.0,False,10000.0,recessive,0.0,2000.0
0,31,1712.8564282141072,"[0.7 0.7 0.7 0.7 0.7 0.7 0.7 0.7 0.7 0.7 0.7 0.7 0.7 0.7 0.7 0.7 0.7 0.7
 0.7 0.7 0.7 0.7 0.7 0.7 0.7 0.7 0.7 0.7 0.7 0.7 1. ]",1e-06,1712.8564282141072,True,10000.0,recessive,1711.8559279639821,2000.0
0,31,912.4562281140571,"[0.7 0.7 0.7 0.7 0.7 0.7 0.7 0.7 0.7 0.7 0.7 0.7 0.7 0.7 0.7 0.7 0.7 0.7
 0.7 0.7 0.7 0.7 0.7 0.7 0.7 0.7 0.7 0.7 0.7 0.7 1. ]",1e-06,912.4562281140571,True,10000.0,recessive,911.455727863932,2000.0
0,31,597.2986493246624,"[0.7 0.7 0.7 0.7 0.7 0.7 0.7 0.7 0.7 0.7 0.7 0.7 0.7 0.7 0.7 0.7 0.7 0.7
 0.7 0.7 0.7 0.7 0.7 0.7 0.7 0.7 0.7 0.7 0.7 0.7 1. ]",1e-06,597.2986493246624,True,10000.0,recessive,596.2981490745373,2000.0
0,31,0,"[0.7 0.7 0.7 0.7 0.7 0.7 0.7 0.7 0.7 0.7 0.7 0.7 0.7 0.7 0.7 0.7 0.7 0.7
 0.7 0.7 0.7 0.7 0.7 0.7 0.7 0.7 0.7 0.7 0.7 0.7 1. ]",1e-05,0.0,False,10000.0,recessive,0.0,2000.0
0,31,0,"[0.7 0.7 0.7 0.7 0.7 0.7 0.7 0.7 0.7 0.7 0.7 0.7 0.7 0.7 0.7 0.7 0.7 0.7
 0.7 0.7 0.7 0.7 0.7 0.7 0.7 0.7 0.7 0.7 0.7 0.7 1. ]",1e-05,0.0,False,10000.0,recessive,0.0,2000.0
0,31,0,"[0.7 0.7 0.7 0.7 0.7 0.7 0.7 0.7 0.7 0.7 0.7 0.7 0.7 0.7 0.7 0.7 0.7 0.7
 0.7 0.7 0.7 0.7 0.7 0.7 0.7 0.7 0.7 0.7 0.7 0.7 1. ]",1e-05,0.0,False,10000.0,recessive,1956.9784892446226,2000.0
0,31,310.15507753876943,"[0.7 0.7 0.7 0.7 0.7 0.7 0.7 0.7 0.7 0.7 0.7 0.7 0.7 0.7 0.7 0.7 0.7 0.7
 0.7 0.7 0.7 0.7 0.7 0.7 0.7 0.7 0.7 0.7 0.7 0.7 1. ]",1e-05,310.15507753876943,True,10000.0,recessive,309.15457728864436,2000.0
0,31,485.24262131065535,"[0.7 0.7 0.7 0.7 0.7 0.7 0.7 0.7 0.7 0.7 0.7 0.7 0.7 0.7 0.7 0.7 0.7 0.7
 0.7 0.7 0.7 0.7 0.7 0.7 0.7 0.7 0.7 0.7 0.7 0.7 1. ]",1e-05,485.24262131065535,True,10000.0,recessive,484.2421210605303,2000.0
0,31,497.2486243121561,"[0.7 0.7 0.7 0.7 0.7 0.7 0.7 0.7 0.7 0.7 0.7 0.7 0.7 0.7 0.7 0.7 0.7 0.7
 0.7 0.7 0.7 0.7 0.7 0.7 0.7 0.7 0.7 0.7 0.7 0.7 1. ]",1e-05,497.2486243121561,True,10000.0,recessive,496.248124062031,2000.0
0,31,0,"[0.7 0.7 0.7 0.7 0.7 0.7 0.7 0.7 0.7 0.7 0.7 0.7 0.7 0.7 0.7 0.7 0.7 0.7
 0.7 0.7 0.7 0.7 0.7 0.7 0.7 0.7 0.7 0.7 0.7 0.7 1. ]",0.0001,0.0,False,10000.0,recessive,189.09454727363683,2000.0
0,31,0,"[0.7 0.7 0.7 0.7 0.7 0.7 0.7 0.7 0.7 0.7 0.7 0.7 0.7 0.7 0.7 0.7 0.7 0.7
 0.7 0.7 0.7 0.7 0.7 0.7 0.7 0.7 0.7 0.7 0.7 0.7 1. ]",0.0001,0.0,False,10000.0,recessive,233.11655827913958,2000.0
0,31,0,"[0.7 0.7 0.7 0.7 0.7 0.7 0.7 0.7 0.7 0.7 0.7 0.7 0.7 0.7 0.7 0.7 0.7 0.7
 0.7 0.7 0.7 0.7 0.7 0.7 0.7 0.7 0.7 0.7 0.7 0.7 1. ]",0.0001,0.0,False,10000.0,recessive,216.1080540270135,2000.0
0,31,95.04752376188095,"[0.7 0.7 0.7 0.7 0.7 0.7 0.7 0.7 0.7 0.7 0.7 0.7 0.7 0.7 0.7 0.7 0.7 0.7
 0.7 0.7 0.7 0.7 0.7 0.7 0.7 0.7 0.7 0.7 0.7 0.7 1. ]",0.0001,95.04752376188095,True,10000.0,recessive,94.04702351175588,2000.0
0,31,117.05852926463233,"[0.7 0.7 0.7 0.7 0.7 0.7 0.7 0.7 0.7 0.7 0.7 0.7 0.7 0.7 0.7 0.7 0.7 0.7
 0.7 0.7 0.7 0.7 0.7 0.7 0.7 0.7 0.7 0.7 0.7 0.7 1. ]",0.0001,117.05852926463233,True,10000.0,recessive,116.05802901450727,2000.0
0,31,96.04802401200601,"[0.7 0.7 0.7 0.7 0.7 0.7 0.7 0.7 0.7 0.7 0.7 0.7 0.7 0.7 0.7 0.7 0.7 0.7
 0.7 0.7 0.7 0.7 0.7 0.7 0.7 0.7 0.7 0.7 0.7 0.7 1. ]",0.0001,96.04802401200601,True,10000.0,recessive,95.04752376188095,2000.0
